246854495329104;0.047884032;-0.10534488;9.749189
246854515319729;0.038307227;-0.19153613;9.864111
246854535310354;0.08619126;-0.15322891;9.816227
246854555332229;0.076614454;-0.08619126;9.835381
246854575324417;0.009576807;-0.08619126;9.80665
246854595315042;0.05746084;-0.08619126;9.825804
246854615305667;0.02873042;-0.1436521;9.749189
246854635329104;0.06703765;-0.076614454;9.825804
246854655318167;0.06703765;-0.047884032;9.758766
246854675310354;0.047884032;-0.06703765;9.710882
246854695332229;0.05746084;-0.05746084;9.797073
246854715322854;0.095768064;-0.18195933;9.80665
246854735313479;0.10534488;-0.1436521;9.739613
246854755336917;0.076614454;-0.10534488;9.787497
246854775327542;0.02873042;-0.076614454;9.80665
246854795318167;0.05746084;-0.10534488;9.730036
246854815308792;0.019153614;-0.10534488;9.825804
246854835330667;0.047884032;-0.095768064;9.844957
246854855321292;0.06703765;-0.12449849;9.758766
246854875313479;0.05746084;-0.08619126;9.854534
246854895335354;0.05746084;-0.17238252;9.701305
246854915325979;-0.019153614;-0.095768064;9.873688
246854935318167;0.076614454;-0.1436521;9.701305
246854955307229;0.05746084;-0.11492168;9.80665
246854975330667;0.0;-0.1436521;9.921572
246854995321292;0.06703765;-0.095768064;9.835381
246855015311917;0.05746084;-0.11492168;9.797073
246855035333792;0.076614454;-0.11492168;9.768343
246855055324417;0.05746084;-0.11492168;9.825804
246855075315042;0.0;-0.17238252;9.854534
246855095307229;0.009576807;-0.095768064;9.797073
246855115329104;0.076614454;-0.095768064;9.80665
246855135319729;0.06703765;-0.11492168;9.816227
246855155310354;0.05746084;-0.095768064;9.749189
246855175333792;0.05746084;-0.1436521;9.883265
246855195324417;0.038307227;-0.12449849;9.825804
246855215315042;0.06703765;-0.11492168;9.80665
246855235305667;0.038307227;-0.15322891;9.797073
246855255329104;0.08619126;-0.15322891;9.768343
246855275318167;0.10534488;-0.1436521;9.797073
246855295310354;0.05746084;-0.076614454;9.835381
246855315332229;0.02873042;-0.11492168;9.768343
246855335322854;-0.019153614;-0.1436521;9.864111
246855355313479;0.047884032;-0.12449849;9.835381
246855375305667;0.038307227;-0.08619126;9.77792
246855395329104;0.019153614;-0.06703765;9.816227
246855415318167;0.047884032;-0.06703765;9.749189
246855435308792;0.076614454;-0.10534488;9.77792
246855455330667;0.047884032;-0.10534488;9.797073
246855475322854;0.06703765;-0.10534488;9.825804
246855495313479;0.08619126;-0.16280572;9.835381
246855515335354;0.019153614;-0.06703765;9.844957
246855535325979;0.0;-0.17238252;9.787497
246855555316604;0.06703765;-0.22026655;9.749189
246855575308792;0.06703765;-0.19153613;9.854534
246855595330667;0.038307227;-0.076614454;9.787497
246855615321292;0.08619126;-0.10534488;9.873688
246855635311917;0.06703765;-0.11492168;9.835381
246855655333792;0.05746084;-0.1436521;9.873688
246855675325979;0.076614454;-0.16280572;9.854534
246855695316604;0.08619126;-0.1340753;9.854534
246855715307229;0.047884032;-0.10534488;9.892841
246855735329104;0.047884032;-0.095768064;9.77792
246855755319729;0.02873042;-0.047884032;9.77792
246855775311917;0.06703765;-0.10534488;9.902418
246855795333792;0.095768064;-0.06703765;9.768343
246855815324417;0.05746084;-0.11492168;9.739613
246855835315042;0.06703765;-0.076614454;9.892841
246855855305667;0.02873042;-0.10534488;9.835381
246855875329104;-0.009576807;-0.11492168;9.873688
246855895318167;0.095768064;-0.076614454;9.854534
246855915310354;0.02873042;-0.18195933;9.854534
246855935332229;0.11492168;-0.16280572;9.797073
246855955324417;0.076614454;-0.1340753;9.854534
246855975315042;0.019153614;-0.1436521;9.825804
246855995305667;0.076614454;-0.12449849;9.80665
246856015327542;0.05746084;-0.08619126;9.892841
246856035318167;0.047884032;-0.038307227;9.854534
246856055308792;0.06703765;-0.10534488;9.864111
246856075332229;0.05746084;-0.095768064;9.902418
246856095322854;0.02873042;-0.076614454;9.797073
246856115313479;0.02873042;-0.038307227;9.816227
246856135335354;0.038307227;-0.18195933;9.758766
246856155327542;0.08619126;-0.095768064;9.864111
246856175316604;0.08619126;-0.1436521;9.787497
246856195308792;0.038307227;-0.15322891;9.720459
246856215330667;0.02873042;-0.15322891;9.864111
246856235321292;0.08619126;-0.1340753;9.940725
246856255311917;0.10534488;-0.10534488;9.797073
246856275335354;0.009576807;-0.16280572;9.844957
246856295325979;0.076614454;-0.11492168;9.682152
246856315316604;0.047884032;-0.10534488;9.80665
246856335307229;0.0;-0.10534488;9.768343
246856355329104;0.10534488;-0.08619126;9.739613
246856375319729;0.019153614;-0.10534488;9.643845
246856395313479;0.047884032;-0.047884032;9.940725
246856415333792;0.06703765;-0.095768064;9.816227
246856435324417;0.076614454;-0.10534488;9.80665
246856455315042;0.05746084;-0.095768064;9.835381
246856475305667;0.076614454;-0.06703765;9.77792
246856495329104;0.009576807;-0.18195933;9.758766
246856515319729;0.047884032;-0.11492168;9.844957
246856535310354;0.038307227;-0.019153614;9.80665
246856555332229;-0.06703765;-0.10534488;9.883265
246856575322854;0.11492168;-0.21068975;9.797073
246856595315042;0.009576807;-0.22984336;9.816227
246856615305667;0.12449849;-0.15322891;9.80665
246856635327542;0.009576807;-0.095768064;9.854534
246856655318167;-0.019153614;-0.10534488;9.80665
246856675308792;0.06703765;-0.1436521;9.844957
246856695332229;0.06703765;-0.23942018;9.844957
246856715322854;0.06703765;-0.1340753;9.835381
246856735313479;0.095768064;-0.17238252;9.835381
246856755335354;-0.019153614;-0.095768064;9.80665
246856775327542;0.038307227;-0.11492168;9.873688
246856795316604;0.019153614;-0.15322891;9.77792
246856815308792;0.095768064;-0.15322891;9.816227
246856835330667;0.06703765;-0.17238252;9.825804
246856855321292;0.047884032;-0.1340753;9.873688
246856875313479;0.047884032;-0.1436521;9.902418
246856895335354;0.06703765;-0.19153613;9.77792
246856915325979;0.08619126;-0.1340753;9.825804
246856935316604;0.038307227;-0.095768064;9.835381
246856955307229;0.095768064;-0.076614454;9.787497
246856975329104;0.06703765;-0.076614454;9.825804
246856995321292;0.06703765;-0.15322891;9.787497
246857015311917;0.12449849;-0.1436521;9.768343
246857035333792;0.05746084;-0.12449849;9.816227
246857055324417;0.019153614;-0.095768064;9.816227
246857075315042;0.076614454;-0.05746084;9.835381
246857095307229;0.12449849;-0.1340753;9.77792
246857115329104;0.047884032;-0.08619126;9.825804
246857135319729;0.009576807;-0.10534488;9.902418
246857155310354;0.047884032;-0.08619126;9.730036
246857175333792;-0.019153614;-0.1436521;9.892841
246857195324417;0.10534488;-0.095768064;9.730036
246857215315042;0.047884032;-0.16280572;9.80665
246857235305667;0.047884032;-0.15322891;9.864111
246857255327542;-0.02873042;-0.095768064;9.787497
246857275318167;0.0;-0.16280572;9.80665
246857295310354;0.009576807;-0.038307227;9.835381
246857315332229;0.02873042;-0.1436521;9.739613
246857335322854;0.05746084;-0.1340753;9.892841
246857355313479;0.047884032;-0.1436521;9.844957
246857375335354;0.05746084;-0.06703765;9.835381
246857395329104;0.095768064;-0.10534488;9.80665
246857415316604;0.1340753;-0.12449849;9.77792
246857435308792;0.02873042;-0.076614454;9.911995
246857455330667;0.08619126;-0.06703765;9.787497
246857475322854;-0.019153614;-0.12449849;9.844957
246857495313479;0.10534488;-0.10534488;9.77792
246857515335354;0.02873042;-0.10534488;9.797073
246857535325979;0.0;-0.1436521;9.77792
246857555316604;0.047884032;-0.1340753;9.883265
246857575307229;0.06703765;-0.11492168;9.80665
246857595330667;-0.009576807;-0.12449849;9.797073
246857615321292;0.06703765;-0.15322891;9.911995
246857635311917;0.10534488;-0.10534488;9.892841
246857655333792;0.05746084;-0.11492168;9.835381
246857675324417;0.047884032;-0.12449849;9.825804
246857695315042;0.08619126;-0.12449849;9.787497
246857715307229;0.10534488;-0.15322891;9.835381
246857735329104;0.019153614;-0.038307227;9.854534
246857755319729;0.02873042;-0.095768064;9.816227
246857775310354;0.019153614;-0.1436521;9.797073
246857795332229;0.095768064;-0.10534488;9.873688
246857815324417;0.0;-0.095768064;9.816227
246857835315042;0.047884032;-0.076614454;9.816227
246857855305667;0.095768064;-0.06703765;9.768343
246857875327542;0.076614454;-0.12449849;9.701305
246857895318167;0.0;-0.06703765;9.749189
246857915310354;0.02873042;-0.08619126;9.80665
246857935332229;0.047884032;-0.15322891;9.892841
246857955322854;0.095768064;-0.1436521;9.931149
246857975313479;0.11492168;-0.1436521;9.787497
246857995335354;0.019153614;-0.1436521;9.892841
246858015327542;0.06703765;-0.076614454;9.720459
246858035318167;0.11492168;-0.16280572;9.950302
246858055308792;0.05746084;-0.24899697;9.883265
246858075330667;0.05746084;-0.095768064;9.710882
246858095322854;0.11492168;-0.16280572;9.797073
246858115313479;0.06703765;-0.047884032;9.77792
246858135335354;0.038307227;-0.095768064;9.883265
246858155325979;0.06703765;-0.21068975;9.816227
246858175316604;0.05746084;-0.10534488;9.787497
246858195308792;0.076614454;-0.06703765;9.844957
246858215330667;0.05746084;-0.10534488;9.787497
246858235321292;0.05746084;-0.15322891;9.825804
246858255311917;0.047884032;-0.1340753;9.825804
246858275333792;0.047884032;-0.20111294;9.825804
246858295325979;0.019153614;-0.1340753;9.854534
246858315315042;0.0;-0.06703765;9.864111
246858335307229;0.047884032;-0.1436521;9.77792
246858355329104;0.05746084;-0.11492168;9.864111
246858375319729;0.02873042;-0.15322891;9.787497
246858395313479;0.019153614;-0.009576807;9.854534
246858415333792;0.047884032;-0.11492168;9.854534
246858435324417;0.076614454;-0.10534488;9.873688
246858455315042;0.06703765;-0.1436521;9.835381
246858475305667;0.05746084;-0.10534488;9.797073
246858495327542;-0.019153614;-0.02873042;9.80665
246858515319729;0.06703765;-0.038307227;9.825804
246858535310354;0.095768064;-0.1340753;9.921572
246858555332229;0.038307227;-0.18195933;9.844957
246858575322854;-0.019153614;-0.05746084;9.749189
246858595313479;0.019153614;-0.10534488;9.816227
246858615305667;0.11492168;-0.1340753;9.864111
246858635327542;0.076614454;-0.1436521;9.787497
246858655318167;0.047884032;-0.12449849;9.80665
246858675308792;0.05746084;-0.11492168;9.854534
246858695332229;0.02873042;-0.12449849;9.720459
246858715322854;0.019153614;-0.05746084;9.864111
246858735313479;0.05746084;-0.15322891;9.739613
246858755335354;0.06703765;-0.08619126;9.825804
246858775325979;0.009576807;-0.11492168;9.883265
246858795316604;0.047884032;-0.05746084;9.825804
246858815308792;0.06703765;-0.095768064;9.80665
246858835330667;0.047884032;-0.1340753;9.768343
246858855321292;0.10534488;-0.095768064;9.844957
246858875311917;0.10534488;-0.17238252;9.873688
246858895335354;0.047884032;-0.095768064;9.825804
246858915325979;0.047884032;-0.1340753;9.902418
246858935316604;0.076614454;-0.1436521;9.854534
246858955307229;0.06703765;-0.076614454;9.816227
246858975329104;0.076614454;-0.1340753;9.787497
246858995319729;0.05746084;-0.095768064;9.825804
246859015310354;0.05746084;-0.047884032;9.730036
246859035333792;0.02873042;-0.15322891;9.940725
246859055324417;0.076614454;-0.095768064;9.940725
246859075315042;0.038307227;-0.06703765;9.77792
246859095305667;0.047884032;-0.1436521;9.730036
246859115329104;0.0;-0.12449849;9.739613
246859135319729;0.08619126;-0.1340753;9.892841
246859155310354;0.047884032;-0.12449849;9.749189
246859175332229;0.08619126;-0.21068975;9.854534
246859195322854;0.038307227;-0.06703765;9.787497
246859215313479;0.08619126;-0.18195933;9.844957
246859235305667;0.06703765;-0.076614454;9.816227
246859255327542;0.019153614;-0.076614454;9.787497
246859275319729;0.05746084;-0.038307227;9.77792
246859295310354;0.05746084;-0.06703765;9.883265
246859315330667;0.10534488;-0.095768064;9.787497
246859335322854;0.08619126;-0.1340753;9.873688
246859355313479;0.05746084;-0.12449849;9.758766
246859375335354;0.076614454;-0.06703765;9.844957
246859395329104;-0.019153614;-0.095768064;9.864111
246859415316604;0.047884032;-0.02873042;9.77792
246859435308792;0.019153614;-0.10534488;9.768343
246859455330667;0.02873042;-0.18195933;9.80665
246859475321292;0.047884032;-0.11492168;9.739613
246859495311917;0.02873042;-0.11492168;9.825804
246859515333792;0.095768064;-0.076614454;9.720459
246859535325979;0.08619126;-0.095768064;9.931149
246859555316604;0.06703765;-0.11492168;9.80665
246859575307229;0.05746084;-0.1436521;9.720459
246859595330667;0.047884032;-0.19153613;9.634268
246859615319729;-0.009576807;-0.1340753;9.768343
246859635311917;0.0;-0.20111294;9.864111
246859655333792;0.047884032;-0.047884032;9.80665
246859675324417;0.047884032;-0.1436521;9.911995
246859695315042;0.038307227;-0.11492168;9.77792
246859715305667;0.047884032;-0.1436521;9.835381
246859735329104;0.05746084;-0.10534488;9.883265
246859755319729;0.038307227;-0.038307227;9.864111
246859775310354;0.06703765;-0.11492168;9.768343
246859795332229;0.02873042;-0.1340753;9.816227
246859815324417;0.038307227;-0.16280572;9.816227
246859835315042;0.047884032;-0.08619126;9.787497
246859855305667;0.047884032;-0.15322891;9.873688
246859875327542;0.05746084;-0.11492168;9.892841
246859895318167;0.10534488;-0.08619126;9.749189
246859915310354;0.076614454;-0.095768064;9.854534
246859935332229;0.095768064;-0.06703765;9.80665
246859955322854;0.02873042;-0.06703765;9.873688
246859975313479;0.076614454;-0.076614454;9.844957
246859995335354;0.076614454;-0.20111294;9.739613
246860015327542;0.08619126;-0.19153613;9.835381
246860035316604;0.019153614;-0.10534488;9.9790325
246860055308792;0.019153614;-0.16280572;9.864111
246860075330667;0.02873042;-0.08619126;9.758766
246860095321292;0.06703765;-0.10534488;9.758766
246860115311917;0.047884032;-0.095768064;9.739613
246860135335354;0.02873042;-0.095768064;9.768343
246860155325979;0.019153614;-0.15322891;9.825804
246860175316604;0.05746084;-0.18195933;9.768343
246860195307229;0.06703765;-0.11492168;9.77792
246860215330667;0.038307227;-0.10534488;9.768343
246860235321292;0.009576807;-0.08619126;9.758766
246860255311917;0.06703765;-0.1340753;9.816227
246860275333792;0.05746084;-0.11492168;9.77792
246860295324417;0.047884032;-0.08619126;9.825804
246860315315042;0.05746084;-0.076614454;9.835381
246860335307229;0.10534488;-0.17238252;9.80665
246860355329104;0.076614454;-0.10534488;9.797073
246860375319729;0.038307227;-0.076614454;9.80665
246860395310354;0.047884032;-0.15322891;9.825804
246860415332229;0.009576807;0.0;9.844957
246860435324417;0.038307227;-0.12449849;9.854534
246860455315042;0.019153614;-0.1436521;9.835381
246860475305667;0.047884032;-0.076614454;9.816227
246860495327542;0.05746084;-0.19153613;9.758766
246860515318167;0.06703765;-0.18195933;9.615114
246860535308792;0.095768064;-0.08619126;9.931149
246860555332229;0.076614454;-0.10534488;9.835381
246860575322854;0.038307227;-0.1340753;9.768343
246860595313479;0.076614454;-0.12449849;9.80665
246860615335354;0.08619126;-0.05746084;9.77792
246860635327542;0.038307227;-0.1340753;9.77792
246860655318167;0.02873042;-0.076614454;9.739613
246860675308792;0.02873042;-0.076614454;9.758766
246860695330667;0.019153614;-0.095768064;9.892841
246860715322854;0.0;-0.095768064;9.835381
246860735313479;0.047884032;-0.095768064;9.816227
246860755335354;0.02873042;-0.11492168;9.749189
246860775325979;0.08619126;-0.08619126;9.864111
246860795316604;-0.038307227;-0.22026655;9.844957
246860815307229;0.10534488;-0.08619126;9.816227
246860835329104;0.095768064;-0.1340753;9.77792
246860855321292;0.08619126;-0.095768064;9.758766
246860875311917;0.08619126;-0.11492168;9.787497
246860895335354;0.076614454;-0.23942018;9.797073
246860915325979;0.095768064;-0.15322891;9.787497
246860935316604;0.05746084;-0.11492168;9.854534
246860955307229;0.047884032;-0.15322891;9.758766
246860975329104;0.076614454;-0.1340753;9.844957
246860995321292;0.02873042;-0.06703765;9.77792
246861015310354;0.009576807;-0.047884032;9.682152
246861035333792;0.038307227;-0.15322891;9.902418
246861055324417;0.047884032;-0.1436521;9.758766
246861075315042;0.05746084;-0.095768064;9.77792
246861095305667;0.05746084;-0.10534488;9.768343
246861115329104;0.038307227;-0.095768064;9.854534
246861135318167;0.047884032;-0.15322891;9.749189
246861155310354;0.076614454;-0.02873042;9.758766
246861175332229;-0.009576807;-0.06703765;9.80665
246861195322854;0.08619126;-0.095768064;9.797073
246861215313479;0.08619126;-0.1436521;9.844957
246861235305667;0.047884032;-0.1340753;9.797073
246861255327542;0.02873042;-0.16280572;9.787497
246861275318167;0.038307227;-0.1340753;9.816227
246861295308792;0.06703765;-0.15322891;9.921572
246861315332229;0.05746084;-0.15322891;9.816227
246861335322854;0.08619126;-0.12449849;9.730036
246861355311917;0.047884032;-0.11492168;9.825804
246861375335354;0.076614454;-0.16280572;9.892841
246861395325979;0.05746084;-0.15322891;9.77792
246861415318167;0.08619126;-0.1340753;9.758766
246861435308792;-0.009576807;-0.1340753;9.710882
246861455330667;0.05746084;-0.1436521;9.80665
246861475321292;0.02873042;-0.12449849;9.825804
246861495311917;0.009576807;-0.1340753;9.844957
246861515333792;0.05746084;-0.038307227;9.720459
246861535325979;0.047884032;-0.038307227;9.864111
246861555315042;0.05746084;-0.08619126;9.768343
246861575307229;0.0;-0.10534488;9.844957
246861595329104;0.02873042;-0.11492168;9.682152
246861615319729;0.02873042;-0.1436521;9.835381
246861635311917;0.076614454;-0.10534488;9.825804
246861655333792;0.047884032;-0.095768064;9.80665
246861675324417;0.08619126;-0.16280572;9.825804
246861695315042;0.019153614;-0.076614454;9.768343
246861715305667;0.047884032;-0.08619126;9.816227
246861735329104;0.009576807;-0.06703765;9.787497
246861755319729;0.10534488;-0.05746084;9.758766
246861775310354;0.08619126;-0.1340753;9.768343
246861795332229;0.10534488;-0.11492168;9.892841
246861815324417;-0.019153614;-0.06703765;9.844957
246861835313479;0.02873042;-0.18195933;9.854534
246861855305667;0.047884032;-0.08619126;9.825804
246861875327542;0.12449849;-0.15322891;9.797073
246861895318167;0.05746084;-0.19153613;9.825804
246861915308792;0.076614454;-0.12449849;9.797073
246861935332229;0.02873042;-0.16280572;9.883265
246861955322854;0.038307227;-0.1340753;9.902418
246861975313479;0.02873042;-0.16280572;9.797073
246861995335354;0.05746084;-0.15322891;9.921572
246862015327542;0.019153614;-0.10534488;9.902418
246862035316604;0.06703765;-0.05746084;9.844957
246862055308792;0.0;-0.18195933;9.739613
246862075330667;0.047884032;-0.038307227;9.844957
246862095321292;0.038307227;-0.12449849;9.825804
246862115311917;0.0;-0.05746084;9.730036
246862135333792;0.047884032;-0.23942018;9.797073
246862155325979;0.0;-0.095768064;9.77792
246862175316604;0.02873042;-0.1436521;9.80665
246862195307229;0.05746084;-0.15322891;9.80665
246862215329104;0.02873042;-0.047884032;9.816227
246862235319729;0.02873042;-0.11492168;9.787497
246862255311917;0.0;-0.10534488;9.787497
246862275333792;0.038307227;-0.05746084;9.758766
246862295324417;0.05746084;-0.12449849;9.816227
246862315315042;0.038307227;-0.20111294;9.797073
246862335305667;0.038307227;-0.076614454;9.835381
246862355329104;0.019153614;-0.10534488;9.854534
246862375319729;0.02873042;-0.08619126;9.825804
246862395310354;0.076614454;-0.11492168;9.864111
246862415332229;0.038307227;-0.05746084;9.825804
246862435324417;0.02873042;-0.1436521;9.77792
246862455313479;0.0;-0.1340753;9.825804
246862475305667;0.047884032;-0.10534488;9.873688
246862495327542;0.08619126;-0.076614454;9.77792
246862515318167;0.047884032;-0.047884032;9.720459
246862535308792;0.05746084;-0.1340753;9.825804
246862555332229;0.076614454;-0.15322891;9.77792
246862575322854;0.0;-0.11492168;9.768343
246862595313479;0.11492168;-0.05746084;9.835381
246862615335354;0.038307227;-0.009576807;9.768343
246862635327542;-0.019153614;-0.10534488;9.931149
246862655316604;0.019153614;-0.18195933;9.682152
246862675308792;0.076614454;-0.16280572;9.825804
246862695330667;0.08619126;-0.11492168;9.844957
246862715321292;0.02873042;-0.12449849;9.844957
246862735313479;0.095768064;-0.20111294;9.825804
246862755335354;0.019153614;-0.10534488;9.739613
246862775325979;0.076614454;-0.047884032;9.883265
246862795316604;0.06703765;-0.08619126;9.710882
246862815307229;0.019153614;-0.11492168;9.911995
246862835329104;0.076614454;-0.18195933;9.816227
246862855319729;0.076614454;-0.15322891;9.816227
246862875311917;0.05746084;-0.1436521;9.825804
246862895333792;0.038307227;-0.1340753;9.844957
246862915324417;0.095768064;-0.076614454;9.768343
246862935315042;0.095768064;-0.1436521;9.797073
246862955305667;0.076614454;-0.21068975;9.77792
246862975329104;0.0;-0.17238252;9.844957
246862995319729;0.019153614;-0.11492168;9.80665
246863015311917;0.08619126;-0.08619126;9.749189
246863035332229;0.0;-0.17238252;9.911995
246863055324417;0.02873042;-0.095768064;9.854534
246863075315042;0.06703765;-0.16280572;9.691729
246863095305667;0.076614454;-0.12449849;9.672575
246863115327542;0.095768064;-0.047884032;9.615114
246863135318167;0.038307227;-0.1340753;9.911995
246863155310354;0.038307227;-0.1436521;9.739613
246863175332229;0.038307227;-0.19153613;9.691729
246863195322854;0.05746084;-0.06703765;9.835381
246863215313479;0.06703765;-0.18195933;9.797073
246863235335354;0.047884032;-0.08619126;9.77792
246863255327542;0.095768064;-0.05746084;9.77792
246863275318167;0.06703765;-0.076614454;9.835381
246863295308792;0.05746084;-0.076614454;9.825804
246863315330667;0.038307227;-0.15322891;9.758766
246863335322854;0.047884032;-0.1436521;9.816227
246863355311917;0.05746084;-0.16280572;9.787497
246863375335354;0.038307227;-0.11492168;9.77792
246863395325979;0.038307227;-0.1340753;9.768343
246863415316604;0.095768064;-0.10534488;9.864111
246863435308792;0.047884032;-0.15322891;9.797073
246863455330667;0.009576807;-0.19153613;9.873688
246863475321292;0.06703765;-0.18195933;9.80665
246863495311917;0.02873042;-0.1436521;9.835381
246863515333792;0.076614454;-0.11492168;9.77792
246863535324417;0.02873042;-0.038307227;9.883265
246863555316604;0.06703765;-0.10534488;9.844957
246863575305667;0.06703765;-0.12449849;9.710882
246863595329104;0.05746084;-0.16280572;9.758766
246863615319729;0.076614454;-0.17238252;9.682152
246863635310354;0.047884032;-0.10534488;9.835381
246863655332229;0.047884032;-0.095768064;9.768343
246863675324417;0.05746084;-0.095768064;9.77792
246863695315042;0.076614454;-0.17238252;9.883265
246863715305667;0.08619126;-0.15322891;9.787497
246863735327542;0.076614454;-0.15322891;9.844957
246863755318167;0.05746084;-0.1340753;9.844957
246863775310354;0.095768064;-0.17238252;9.835381
246863795332229;0.047884032;-0.05746084;9.80665
246863815322854;-0.009576807;-0.095768064;9.864111
246863835313479;0.02873042;-0.11492168;9.77792
246863855335354;0.02873042;-0.1340753;9.864111
246863875327542;0.038307227;-0.12449849;9.835381
246863895318167;0.038307227;-0.02873042;9.825804
246863915308792;0.047884032;-0.076614454;9.787497
246863935330667;0.08619126;-0.06703765;9.787497
246863955322854;0.038307227;-0.047884032;9.854534
246863975311917;0.038307227;-0.18195933;9.797073
246863995335354;0.047884032;-0.11492168;9.864111
246864015325979;0.06703765;-0.10534488;9.739613
246864035316604;0.047884032;-0.076614454;9.892841
246864055308792;0.095768064;-0.11492168;9.797073
246864075330667;0.038307227;-0.11492168;9.768343
246864095322854;0.038307227;-0.076614454;9.787497
246864115311917;0.038307227;-0.05746084;9.77792
246864135335354;0.05746084;-0.11492168;9.864111
246864155324417;0.047884032;-0.08619126;9.816227
246864175315042;0.019153614;-0.11492168;9.835381
246864195307229;0.08619126;-0.095768064;9.758766
246864215329104;0.076614454;-0.08619126;9.80665
246864235319729;0.009576807;-0.20111294;9.720459
246864255310354;0.009576807;-0.15322891;9.80665
246864275333792;0.06703765;-0.11492168;9.768343
246864295324417;0.019153614;-0.076614454;9.787497
246864315315042;0.02873042;-0.12449849;9.844957
246864335307229;0.047884032;-0.18195933;9.816227
246864355327542;0.038307227;-0.08619126;9.854534
246864375319729;0.05746084;-0.06703765;9.835381
246864395310354;0.02873042;-0.076614454;9.873688
246864415332229;0.11492168;-0.11492168;9.662998
246864435322854;0.02873042;-0.12449849;9.825804
246864455313479;0.076614454;-0.12449849;9.883265
246864475305667;0.076614454;-0.10534488;9.864111
246864495327542;0.095768064;-0.12449849;9.80665
246864515318167;0.076614454;-0.1340753;9.720459
246864535308792;0.047884032;-0.12449849;9.844957
246864555332229;0.009576807;-0.12449849;9.730036
246864575322854;0.047884032;-0.16280572;9.797073
246864595313479;0.05746084;-0.15322891;9.768343
246864615335354;0.05746084;-0.076614454;9.739613
246864635325979;-0.009576807;-0.095768064;9.797073
246864655316604;0.0;-0.076614454;9.720459
246864675307229;0.06703765;-0.20111294;9.883265
246864695330667;0.019153614;-0.06703765;9.921572
246864715321292;0.06703765;-0.10534488;9.816227
246864735313479;0.009576807;-0.06703765;9.797073
246864755335354;0.08619126;-0.10534488;9.854534
246864775325979;0.019153614;-0.08619126;9.892841
246864795316604;-0.02873042;-0.047884032;9.844957
246864815307229;0.02873042;-0.11492168;9.844957
246864835329104;0.047884032;-0.16280572;9.844957
246864855321292;0.06703765;-0.16280572;9.902418
246864875311917;0.05746084;-0.1436521;9.825804
246864895333792;0.095768064;-0.15322891;9.864111
246864915324417;-0.009576807;-0.12449849;9.816227
246864935315042;0.047884032;-0.1436521;9.816227
246864955307229;0.038307227;-0.095768064;9.892841
246864975329104;0.038307227;-0.047884032;9.854534
246864995319729;0.0;-0.076614454;9.739613
246865015310354;0.08619126;-0.1340753;9.835381
246865035332229;0.05746084;-0.08619126;9.892841
246865055324417;0.047884032;-0.19153613;9.835381
246865075313479;0.038307227;-0.08619126;9.768343
246865095305667;0.047884032;-0.10534488;9.768343
246865115327542;0.11492168;-0.06703765;9.797073
246865135318167;0.038307227;-0.11492168;9.864111
246865155308792;0.02873042;-0.15322891;9.758766
246865175332229;0.06703765;-0.06703765;9.768343
246865195322854;0.076614454;-0.15322891;9.873688
246865215313479;0.038307227;-0.1436521;9.854534
246865235335354;0.05746084;-0.076614454;9.768343
246865255327542;0.08619126;-0.095768064;9.672575
246865275318167;0.047884032;-0.076614454;9.797073
246865295308792;0.06703765;-0.16280572;9.854534
246865315330667;0.05746084;-0.1340753;9.797073
246865335321292;0.076614454;-0.10534488;9.854534
246865355311917;0.009576807;-0.19153613;9.864111
246865375335354;0.019153614;-0.11492168;9.864111
246865395325979;0.095768064;-0.11492168;9.844957
246865415316604;0.1340753;-0.12449849;9.758766
246865435307229;0.05746084;-0.19153613;9.835381
246865455330667;0.047884032;-0.1436521;9.825804
246865475319729;0.047884032;-0.18195933;9.844957
246865495311917;0.047884032;-0.12449849;9.921572
246865515333792;0.05746084;-0.076614454;9.80665
246865535324417;0.02873042;-0.1436521;9.835381
246865555315042;0.08619126;-0.05746084;9.825804
246865575305667;0.10534488;-0.038307227;9.77792
246865595329104;0.0;-0.05746084;9.739613
246865615319729;0.11492168;-0.1436521;9.835381
246865635311917;0.08619126;-0.095768064;9.77792
246865655332229;0.05746084;-0.047884032;9.739613
246865675322854;0.06703765;-0.095768064;9.768343
246865695315042;-0.019153614;-0.076614454;9.77792
246865715305667;0.047884032;-0.12449849;9.844957
246865735327542;0.10534488;-0.15322891;9.787497
246865755318167;0.08619126;-0.06703765;9.854534
246865775310354;0.05746084;-0.1340753;9.749189
246865795332229;0.047884032;-0.047884032;9.835381
246865815322854;0.02873042;-0.12449849;9.77792
246865835313479;0.02873042;-0.038307227;9.758766
246865855335354;0.08619126;-0.17238252;9.854534
246865875327542;-0.047884032;-0.08619126;9.854534
246865895318167;0.06703765;-0.047884032;9.787497
246865915308792;0.06703765;-0.02873042;9.864111
246865935332229;0.038307227;-0.1340753;9.720459
246865955322854;0.10534488;-0.10534488;9.854534
246865975313479;0.02873042;-0.11492168;9.768343
246865995335354;0.009576807;-0.047884032;9.864111
246866015325979;0.10534488;-0.11492168;9.710882
246866035316604;0.076614454;-0.11492168;9.797073
246866055307229;0.047884032;-0.12449849;9.816227
246866075330667;0.038307227;-0.06703765;9.758766
246866095321292;0.06703765;-0.038307227;9.749189
246866115311917;0.095768064;-0.16280572;9.682152
246866135333792;0.009576807;-0.10534488;9.883265
246866155325979;0.02873042;-0.17238252;9.701305
246866175315042;0.047884032;-0.11492168;9.854534
246866195307229;0.10534488;-0.15322891;9.80665
246866215329104;0.019153614;-0.12449849;9.80665
246866235319729;0.05746084;-0.12449849;9.825804
246866255310354;-0.009576807;-0.08619126;9.768343
246866275332229;0.06703765;-0.1436521;9.787497
246866295324417;0.02873042;-0.08619126;9.835381
246866315315042;0.047884032;-0.10534488;9.835381
246866335305667;0.02873042;-0.076614454;9.844957
246866355327542;0.06703765;-0.1436521;9.768343
246866375319729;-0.009576807;0.0;9.931149
246866395310354;0.05746084;-0.12449849;9.749189
246866415332229;0.038307227;-0.12449849;9.77792
246866435322854;0.047884032;-0.1340753;9.787497
246866455313479;0.02873042;-0.1340753;9.80665
246866475336917;0.06703765;-0.11492168;9.730036
246866495327542;0.019153614;-0.047884032;9.787497
246866515316604;0.095768064;-0.08619126;9.758766
246866535308792;0.019153614;-0.095768064;9.921572
246866555330667;0.02873042;-0.19153613;9.787497
246866575322854;0.095768064;-0.17238252;9.758766
246866595311917;0.0;-0.08619126;9.758766
246866615335354;0.095768064;-0.08619126;9.730036
246866635325979;0.02873042;-0.12449849;9.864111
246866655316604;0.06703765;-0.20111294;9.80665
246866675307229;0.047884032;-0.1436521;9.80665
246866695330667;0.05746084;-0.12449849;9.787497
246866715321292;0.047884032;-0.11492168;9.825804
246866735311917;0.06703765;-0.18195933;9.873688
246866755333792;0.038307227;-0.095768064;9.854534
246866775324417;0.038307227;-0.1436521;9.883265
246866795316604;0.019153614;-0.10534488;9.825804
246866815307229;0.038307227;-0.1340753;9.844957
246866835329104;0.076614454;-0.17238252;9.873688
246866855319729;0.076614454;-0.11492168;9.854534
246866875311917;0.076614454;-0.11492168;9.825804
246866895333792;0.06703765;-0.1436521;9.80665
246866915324417;0.02873042;-0.11492168;9.825804
246866935315042;0.038307227;-0.16280572;9.80665
246866955305667;0.076614454;-0.18195933;9.883265
246866975327542;0.08619126;-0.15322891;9.749189
246866995319729;0.076614454;-0.15322891;9.77792
246867015310354;-0.009576807;-0.1436521;9.730036
246867035332229;0.05746084;-0.1340753;9.921572
246867055324417;0.15322891;-0.18195933;9.816227
246867075313479;0.08619126;-0.1340753;9.634268
246867095305667;0.047884032;-0.095768064;9.739613
246867115327542;0.10534488;-0.05746084;9.768343
246867135318167;0.02873042;-0.08619126;9.883265
246867155310354;-0.019153614;-0.11492168;9.835381
246867175330667;0.08619126;-0.11492168;9.854534
246867195321292;0.038307227;-0.1436521;9.902418
246867215313479;0.06703765;-0.10534488;9.864111
246867235335354;0.076614454;-0.16280572;9.825804
246867255325979;0.009576807;-0.095768064;9.854534
246867275316604;0.05746084;-0.16280572;9.902418
246867295308792;0.009576807;-0.095768064;9.797073
246867315330667;0.02873042;-0.076614454;9.825804
246867335321292;0.10534488;-0.12449849;9.816227
246867355311917;0.076614454;-0.1436521;9.873688
246867375335354;0.02873042;-0.17238252;9.931149
246867395325979;0.05746084;-0.16280572;9.797073
246867415316604;0.047884032;-0.1436521;9.854534
246867435307229;-0.009576807;-0.019153614;9.873688
246867455330667;0.019153614;-0.1436521;9.844957
246867475319729;0.047884032;-0.12449849;9.835381
246867495310354;0.02873042;-0.047884032;9.902418
246867515332229;0.076614454;-0.06703765;9.739613
246867535324417;0.0;-0.095768064;9.921572
246867555315042;0.0;-0.12449849;9.787497
246867575305667;0.076614454;-0.10534488;9.768343
246867595327542;0.05746084;-0.095768064;9.835381
246867615318167;0.02873042;-0.1340753;9.797073
246867635310354;0.038307227;-0.10534488;9.883265
246867655332229;0.08619126;-0.22026655;9.864111
246867675322854;0.047884032;-0.05746084;9.864111
246867695313479;0.06703765;-0.095768064;9.797073
246867715304104;0.076614454;-0.15322891;9.854534
246867735327542;0.076614454;-0.10534488;9.77792
246867755316604;0.12449849;-0.06703765;9.844957
246867775308792;0.076614454;-0.10534488;9.950302
246867795330667;0.076614454;-0.06703765;9.873688
246867815322854;0.009576807;-0.08619126;9.864111
246867835313479;0.047884032;-0.11492168;9.787497
246867855335354;0.095768064;-0.095768064;9.80665
246867875327542;0.076614454;-0.1340753;9.825804
246867895318167;0.02873042;-0.12449849;9.797073
246867915308792;0.1436521;-0.047884032;9.816227
246867935330667;-0.02873042;-0.047884032;9.892841
246867955321292;0.06703765;-0.1436521;9.835381
246867975311917;0.08619126;-0.095768064;9.873688
246867995333792;0.038307227;-0.095768064;9.835381
246868015325979;0.08619126;-0.12449849;9.758766
246868035316604;0.095768064;-0.1436521;9.835381
246868055308792;0.05746084;-0.11492168;9.77792
246868075329104;-0.019153614;-0.076614454;9.710882
246868095319729;0.095768064;-0.06703765;9.758766
246868115311917;0.019153614;-0.095768064;9.691729
246868135333792;0.009576807;-0.1436521;9.892841
246868155324417;0.08619126;-0.15322891;9.730036
246868175315042;0.10534488;-0.095768064;9.844957
246868195307229;0.08619126;-0.12449849;9.883265
246868215329104;0.10534488;-0.10534488;9.873688
246868235319729;0.11492168;-0.11492168;9.825804
246868255310354;0.076614454;-0.15322891;9.835381
246868275332229;0.06703765;-0.08619126;9.892841
246868295324417;0.02873042;-0.076614454;9.835381
246868315313479;0.076614454;-0.1436521;9.892841
246868335305667;0.095768064;-0.15322891;9.825804
246868355327542;0.10534488;-0.1340753;9.816227
246868375318167;0.095768064;-0.17238252;9.816227
246868395308792;0.019153614;-0.22026655;9.825804
246868415332229;0.05746084;-0.1436521;9.80665
246868435322854;0.06703765;-0.1436521;9.873688
246868455313479;0.095768064;-0.1436521;9.77792
246868475335354;0.02873042;-0.06703765;9.883265
246868495325979;0.10534488;-0.11492168;9.80665
246868515318167;0.076614454;-0.12449849;9.80665
246868535308792;0.076614454;-0.11492168;9.854534
246868555330667;0.08619126;-0.19153613;9.758766
246868575321292;0.009576807;-0.047884032;9.864111
246868595311917;0.02873042;-0.10534488;9.797073
246868615335354;-0.009576807;-0.10534488;9.797073
246868635325979;0.06703765;-0.18195933;9.816227
246868655316604;0.11492168;-0.06703765;9.80665
246868675307229;0.10534488;-0.038307227;9.825804
246868695330667;0.047884032;-0.12449849;9.854534
246868715319729;0.02873042;-0.076614454;9.797073
246868735310354;0.047884032;-0.076614454;9.854534
246868755333792;0.05746084;-0.17238252;9.892841
246868775324417;0.10534488;-0.10534488;9.77792
246868795315042;0.08619126;-0.16280572;9.80665
246868815305667;0.08619126;-0.15322891;9.825804
246868835329104;0.02873042;-0.08619126;9.844957
246868855319729;0.038307227;-0.12449849;9.854534
246868875310354;0.06703765;-0.1340753;9.883265
246868895332229;0.05746084;-0.095768064;9.825804
246868915324417;0.047884032;-0.1436521;9.825804
246868935313479;0.038307227;-0.08619126;9.787497
246868955305667;0.0;-0.095768064;9.844957
246868975327542;0.02873042;-0.095768064;9.816227
246868995318167;0.047884032;-0.05746084;9.80665
246869015310354;0.009576807;-0.22984336;9.77792
246869035332229;0.019153614;-0.15322891;9.902418
246869055322854;0.047884032;-0.1340753;9.835381
246869075313479;0.0;-0.11492168;9.825804
246869095335354;0.08619126;-0.08619126;9.787497
246869115327542;0.08619126;-0.095768064;9.835381
246869135318167;0.06703765;-0.095768064;9.883265
246869155308792;0.06703765;-0.10534488;9.835381
246869175330667;0.02873042;-0.06703765;9.854534
246869195321292;-0.10534488;-0.02873042;8.418014
246869215313479;0.08619126;-0.19153613;9.9790325
246869235335354;0.076614454;-0.11492168;9.758766
246869255325979;0.047884032;-0.1340753;9.80665
246869275316604;0.06703765;-0.076614454;9.892841
