293187271547630;0.6607997;0.10534488;9.873688
293187276521067;0.32561144;0.23942018;9.931149
293187281525755;0.10534488;0.22026655;9.940725
293187286532005;0.11492168;0.2873042;9.931149
293187291536692;0.009576807;0.4213795;9.816227
293187296542942;-0.047884032;0.48841715;9.605537
293187301549192;0.038307227;0.4309563;9.720459
293187306522630;0.11492168;0.2777274;9.787497
293187311528880;0.21068975;0.16280572;9.883265
293187316533567;0.30645782;0.15322891;9.902418
293187321539817;0.36391866;0.095768064;9.892841
293187326546067;0.36391866;0.16280572;9.969456
293187331519505;0.2873042;0.23942018;9.9790325
293187336524192;0.21068975;0.35434186;9.940725
293187341530442;0.08619126;0.30645782;9.816227
293187346536692;0.047884032;0.35434186;9.77792
293187351541380;0.038307227;0.36391866;9.80665
293187356546067;0.15322891;0.25857377;9.710882
293187361521067;0.23942018;0.15322891;9.768343
293187366527317;0.30645782;0.17238252;9.883265
293187371532005;0.37349546;0.1436521;10.007763
293187376538255;0.2873042;0.29688102;9.9790325
293187381542942;0.2681506;0.2681506;9.940725
293187386549192;0.16280572;0.2873042;9.921572
293187391522630;0.047884032;0.32561144;9.911995
293187396528880;-0.019153614;0.4213795;9.844957
293187401533567;0.05746084;0.31603462;9.844957
293187406539817;0.20111294;0.33518824;9.797073
293187411546067;0.23942018;0.20111294;9.787497
293187416519505;0.33518824;0.18195933;9.931149
293187421525755;0.33518824;0.1340753;9.950302
293187426530442;0.23942018;0.1436521;9.959879
293187431536692;0.19153613;0.2681506;9.969456
293187436541380;0.24899697;0.2681506;9.950302
293187441547630;0.095768064;0.45968673;9.950302
293187446521067;0.047884032;0.31603462;9.892841
293187451527317;0.11492168;0.2873042;9.758766
293187456532005;0.15322891;0.24899697;9.787497
293187461538255;0.20111294;0.10534488;9.730036
293187466544505;0.2873042;0.15322891;9.768343
293187471550755;0.24899697;0.076614454;9.873688
293187476524192;0.2777274;0.24899697;9.9790325
293187481528880;0.21068975;0.32561144;9.950302
293187486535130;0.18195933;0.38307226;9.835381
293187491539817;0.047884032;0.34476504;9.902418
293187496546067;0.038307227;0.33518824;9.911995
293187501521067;0.095768064;0.29688102;9.873688
293187506525755;0.15322891;0.19153613;9.892841
293187511532005;0.24899697;0.25857377;9.749189
293187516536692;0.34476504;0.22026655;9.854534
293187521542942;0.31603462;0.11492168;9.873688
293187526547630;0.30645782;0.25857377;9.892841
293187531522630;0.16280572;0.2873042;9.959879
293187536528880;0.15322891;0.22984336;9.873688
293187541533567;0.06703765;0.37349546;9.873688
293187546539817;0.10534488;0.34476504;9.892841
293187551544505;0.17238252;0.31603462;9.80665
293187556519505;0.12449849;0.24899697;9.854534
293187561524192;0.20111294;0.2777274;9.825804
293187566530442;0.23942018;0.19153613;9.701305
293187571536692;0.23942018;0.23942018;9.9790325
293187576541380;0.23942018;0.23942018;9.9790325
293187581547630;0.23942018;0.23942018;9.9790325
293187586521067;0.23942018;0.23942018;9.9790325
293187591527317;0.10534488;0.2873042;9.921572
293187596532005;0.16280572;0.2873042;9.864111
293187601538255;0.06703765;0.2777274;9.864111
293187606542942;0.10534488;0.24899697;9.892841
293187611549192;0.23942018;0.25857377;9.844957
293187616522630;0.2873042;0.19153613;9.787497
293187621528880;0.2681506;0.19153613;9.768343
293187626533567;0.31603462;0.24899697;9.950302
293187631538255;0.24899697;0.25857377;9.940725
293187636546067;0.21068975;0.18195933;9.940725
293187641519505;0.1340753;0.33518824;9.940725
293187646524192;0.18195933;0.33518824;9.911995
293187651530442;0.16280572;0.33518824;9.873688
293187656536692;0.22984336;0.18195933;9.883265
293187661541380;0.18195933;0.22026655;9.825804
293187666547630;0.25857377;0.19153613;9.854534
293187671522630;0.29688102;0.18195933;9.892841
293187676527317;0.2873042;0.20111294;9.825804
293187681532005;0.24899697;0.19153613;9.816227
293187686539817;0.20111294;0.20111294;9.864111
293187691542942;0.15322891;0.25857377;9.931149
293187696549192;0.12449849;0.31603462;9.854534
293187701522630;0.1340753;0.2681506;9.854534
293187706528880;0.16280572;0.2873042;9.873688
293187711533567;0.15322891;0.24899697;9.883265
293187716539817;0.21068975;0.24899697;9.797073
293187721546067;0.2681506;0.2777274;9.854534
293187726519505;0.2873042;0.25857377;9.864111
293187731525755;0.24899697;0.16280572;9.844957
293187736530442;0.30645782;0.22984336;9.883265
293187741536692;0.18195933;0.23942018;9.969456
293187746541380;0.1340753;0.2873042;9.940725
293187751547630;0.1340753;0.32561144;9.911995
293187756522630;0.15322891;0.31603462;9.931149
293187761527317;0.17238252;0.2873042;9.892841
293187766533567;0.18195933;0.22026655;9.758766
293187771539817;0.30645782;0.19153613;9.854534
293187776544505;0.2681506;0.22984336;9.768343
293187781549192;0.2777274;0.25857377;9.739613
293187786524192;0.22984336;0.22984336;9.825804
293187791528880;0.19153613;0.19153613;9.883265
293187796535130;0.12449849;0.29688102;9.854534
293187801541380;0.11492168;0.2873042;9.959879
293187806546067;0.17238252;0.2777274;9.844957
293187811519505;0.20111294;0.16280572;9.883265
293187816525755;0.19153613;0.22026655;9.921572
293187821532005;0.1340753;0.22026655;9.835381
293187826536692;0.25857377;0.24899697;9.80665
293187831542942;0.20111294;0.18195933;9.892841
293187836547630;0.19153613;0.22026655;9.787497
293187841522630;0.2681506;0.25857377;10.007763
293187846528880;0.10534488;0.22984336;9.883265
293187851533567;0.1340753;0.29688102;9.883265
293187856538255;0.19153613;0.35434186;9.902418
293187861544505;0.22026655;0.2777274;9.911995
293187866519505;0.16280572;0.29688102;9.797073
293187871525755;0.20111294;0.19153613;9.864111
293187876528880;0.16280572;0.19153613;9.844957
293187881536692;0.24899697;0.25857377;9.902418
293187886541380;0.22984336;0.24899697;9.77792
293187891547630;0.22984336;0.23942018;9.892841
293187896521067;0.17238252;0.23942018;10.01734
293187901525755;0.18195933;0.29688102;9.892841
293187906532005;0.20111294;0.33518824;9.969456
293187911538255;0.1436521;0.2873042;9.950302
293187916542942;0.17238252;0.2873042;9.844957
293187921549192;0.20111294;0.2873042;9.911995
293187926522630;0.18195933;0.30645782;9.883265
293187931528880;0.17238252;0.22984336;9.911995
293187936533567;0.2681506;0.18195933;9.921572
293187941539817;0.22984336;0.30645782;9.892841
293187946544505;0.22026655;0.22984336;9.931149
293187951519505;0.1436521;0.30645782;9.854534
293187956524192;0.1436521;0.31603462;9.864111
293187961530442;0.18195933;0.22984336;9.940725
293187966536692;0.1436521;0.23942018;9.844957
293187971542942;0.19153613;0.2681506;9.844957
293187976546067;0.21068975;0.25857377;9.816227
293187981522630;0.19153613;0.20111294;9.902418
293187986527317;0.24899697;0.29688102;9.873688
293187991532005;0.29688102;0.24899697;9.854534
293187996538255;0.21068975;0.24899697;9.873688
293188001542942;0.23942018;0.29688102;9.931149
293188006549192;0.23942018;0.2873042;9.873688
293188011522630;0.11492168;0.34476504;9.854534
293188016528880;0.17238252;0.2777274;9.892841
293188021533567;0.17238252;0.24899697;9.950302
293188026539817;0.11492168;0.25857377;9.911995
293188031546067;0.22984336;0.2681506;9.854534
293188036519505;0.23942018;0.21068975;9.768343
293188041525755;0.18195933;0.2777274;9.873688
293188046530442;0.22984336;0.30645782;9.921572
293188051536692;0.23942018;0.2681506;9.844957
293188056542942;0.22984336;0.2777274;9.940725
293188061547630;0.06703765;0.24899697;9.892841
293188066522630;0.19153613;0.2777274;9.931149
293188071527317;0.22984336;0.22026655;9.883265
293188076533567;0.22984336;0.22026655;9.883265
293188081538255;0.17238252;0.18195933;9.911995
293188086544505;0.16280572;0.25857377;9.873688
293188091549192;0.16280572;0.22984336;9.854534
293188096524192;0.2873042;0.21068975;9.844957
293188101530442;0.17238252;0.25857377;9.931149
293188106535130;0.22984336;0.2681506;9.892841
293188111539817;0.12449849;0.21068975;9.931149
293188116546067;0.1340753;0.2873042;9.911995
293188121521067;0.12449849;0.2777274;9.892841
293188126525755;0.18195933;0.19153613;9.940725
293188131532005;0.25857377;0.25857377;9.940725
293188136536692;0.20111294;0.25857377;9.883265
293188141542942;0.16280572;0.2777274;9.892841
293188146547630;0.15322891;0.22984336;9.921572
293188151522630;0.23942018;0.2873042;9.797073
293188156528880;0.15322891;0.30645782;9.950302
293188161533567;0.23942018;0.23942018;9.892841
293188166539817;0.15322891;0.2873042;9.931149
293188171546067;0.20111294;0.2681506;9.921572
293188176519505;0.16280572;0.32561144;9.902418
293188181524192;0.18195933;0.2873042;9.931149
293188186530442;0.1340753;0.22984336;9.864111
293188191536692;0.22984336;0.22026655;9.873688
293188196541380;0.20111294;0.22026655;9.80665
293188201547630;0.22026655;0.22984336;9.80665
293188206521067;0.1340753;0.25857377;9.911995
293188211527317;0.23942018;0.2777274;9.940725
293188216532005;0.18195933;0.20111294;9.911995
293188221538255;0.15322891;0.22026655;9.940725
293188226542942;0.18195933;0.2777274;9.959879
293188231549192;0.095768064;0.2777274;9.902418
293188236522630;0.1340753;0.20111294;9.768343
293188241527317;0.22984336;0.2777274;9.873688
293188246533567;0.15322891;0.23942018;9.854534
293188251539817;0.16280572;0.22026655;9.854534
293188256546067;0.21068975;0.22026655;9.892841
293188261519505;0.21068975;0.20111294;9.844957
293188266524192;0.15322891;0.16280572;9.931149
293188271530442;0.11492168;0.22984336;9.911995
293188276536692;0.1340753;0.2681506;9.902418
293188281542942;0.19153613;0.29688102;9.873688
293188286547630;0.19153613;0.19153613;9.844957
293188291521067;0.18195933;0.24899697;9.844957
293188296527317;0.19153613;0.22026655;9.883265
293188301532005;0.23942018;0.16280572;9.854534
293188306538255;0.29688102;0.22026655;9.749189
293188311544505;0.24899697;0.22026655;9.969456
293188316549192;0.16280572;0.22984336;9.835381
293188321522630;0.17238252;0.24899697;9.816227
293188326528880;0.20111294;0.34476504;9.873688
293188331533567;0.20111294;0.24899697;9.959879
293188336539817;0.18195933;0.2873042;9.940725
293188341546067;0.19153613;0.21068975;9.921572
293188346519505;0.22026655;0.23942018;9.873688
293188351525755;0.20111294;0.1436521;9.854534
293188356532005;0.22026655;0.2777274;9.80665
293188361536692;0.19153613;0.15322891;9.825804
293188366542942;0.24899697;0.21068975;9.883265
293188371547630;0.17238252;0.2777274;9.864111
293188376522630;0.22984336;0.2777274;9.950302
293188381527317;0.18195933;0.2681506;9.950302
293188386533567;0.21068975;0.29688102;9.931149
293188391538255;0.24899697;0.2777274;9.921572
293188396544505;0.18195933;0.30645782;9.835381
293188401549192;0.22984336;0.18195933;9.969456
293188406524192;0.23942018;0.18195933;9.959879
293188411530442;0.18195933;0.29688102;9.883265
293188416535130;0.22984336;0.19153613;9.931149
293188421541380;0.23942018;0.21068975;9.911995
293188426546067;0.16280572;0.1340753;9.902418
293188431521067;0.15322891;0.22026655;9.892841
293188436525755;0.16280572;0.2873042;10.01734
293188441532005;0.17238252;0.30645782;9.902418
293188446538255;0.15322891;0.2777274;9.787497
293188451542942;0.21068975;0.25857377;9.911995
293188456549192;0.16280572;0.29688102;9.825804
293188461522630;0.12449849;0.24899697;9.844957
293188466527317;0.20111294;0.32561144;9.873688
293188471533567;0.22026655;0.23942018;9.892841
293188476538255;0.21068975;0.16280572;9.950302
293188481544505;0.17238252;0.17238252;9.873688
293188486519505;0.20111294;0.1340753;9.892841
293188491524192;0.15322891;0.23942018;9.883265
293188496530442;0.16280572;0.22026655;9.921572
293188501535130;0.12449849;0.19153613;9.911995
293188506541380;0.15322891;0.25857377;9.883265
293188511547630;0.22984336;0.2777274;9.80665
293188516521067;0.21068975;0.23942018;9.892841
293188521525755;0.23942018;0.24899697;9.864111
293188526532005;0.23942018;0.31603462;9.873688
293188531538255;0.1436521;0.2873042;9.892841
293188536544505;0.1436521;0.22984336;9.921572
293188541549192;0.19153613;0.2777274;9.911995
293188546522630;0.22026655;0.29688102;9.892841
293188551528880;0.16280572;0.25857377;9.921572
293188556533567;0.20111294;0.17238252;9.921572
293188561539817;0.12449849;0.24899697;9.931149
293188566546067;0.22026655;0.2777274;9.902418
293188571521067;0.24899697;0.30645782;9.825804
293188576525755;0.24899697;0.30645782;9.825804
293188581532005;0.24899697;0.30645782;9.825804
293188586536692;0.24899697;0.30645782;9.825804
293188591555442;0.17238252;0.2681506;9.911995
293188596547630;0.22984336;0.25857377;9.911995
293188601521067;0.22026655;0.2681506;9.825804
293188606527317;0.16280572;0.21068975;9.950302
293188611532005;0.17238252;0.22984336;9.950302
293188616538255;0.19153613;0.2873042;9.873688
293188621544505;0.19153613;0.25857377;9.902418
293188626549192;0.24899697;0.24899697;9.902418
293188631524192;0.17238252;0.2681506;9.921572
293188636528880;0.20111294;0.21068975;9.844957
293188641535130;0.23942018;0.24899697;9.911995
293188646541380;0.12449849;0.21068975;9.911995
293188651546067;0.17238252;0.16280572;9.864111
293188656521067;0.17238252;0.2873042;9.883265
293188661524192;0.21068975;0.30645782;9.911995
293188666530442;0.1340753;0.29688102;9.902418
293188671536692;0.21068975;0.24899697;9.931149
293188676542942;0.18195933;0.2777274;9.931149
293188681547630;0.18195933;0.30645782;9.902418
293188686522630;0.22984336;0.2873042;9.950302
293188691528880;0.16280572;0.29688102;9.911995
293188696533567;0.20111294;0.23942018;9.940725
293188701539817;0.19153613;0.22984336;9.902418
293188706544505;0.22984336;0.18195933;9.902418
293188711519505;0.21068975;0.21068975;9.940725
293188716524192;0.18195933;0.29688102;9.911995
293188721528880;0.17238252;0.23942018;9.921572
293188726535130;0.1340753;0.21068975;9.883265
293188731541380;0.22026655;0.2777274;9.883265
293188736547630;0.2777274;0.24899697;9.80665
293188741521067;0.18195933;0.25857377;9.911995
293188746525755;0.23942018;0.25857377;9.921572
293188751532005;0.23942018;0.22984336;9.902418
293188756538255;0.19153613;0.2873042;9.931149
293188761542942;0.2873042;0.29688102;9.902418
293188766547630;0.20111294;0.2777274;9.902418
293188771522630;0.18195933;0.23942018;9.911995
293188776528880;0.21068975;0.20111294;9.902418
293188781533567;0.20111294;0.25857377;9.844957
293188786539817;0.17238252;0.23942018;9.921572
293188791546067;0.22984336;0.2777274;9.883265
293188796519505;0.21068975;0.22026655;9.911995
293188801524192;0.17238252;0.24899697;9.940725
293188806530442;0.17238252;0.31603462;9.940725
293188811536692;0.18195933;0.30645782;9.931149
293188816541380;0.24899697;0.23942018;9.835381
293188821547630;0.17238252;0.2873042;9.873688
293188826521067;0.17238252;0.23942018;9.892841
293188831527317;0.18195933;0.18195933;9.883265
293188836532005;0.20111294;0.22984336;9.854534
293188841538255;0.18195933;0.2681506;9.835381
293188846542942;0.23942018;0.31603462;9.835381
293188851549192;0.22984336;0.32561144;9.902418
293188856522630;0.21068975;0.21068975;9.797073
293188861528880;0.17238252;0.24899697;9.854534
293188866533567;0.21068975;0.32561144;9.921572
293188871541380;0.18195933;0.24899697;9.921572
293188876546067;0.11492168;0.24899697;9.864111
293188881519505;0.17238252;0.2777274;9.921572
293188886525755;0.22026655;0.2681506;9.921572
293188891530442;0.25857377;0.23942018;9.911995
293188896536692;0.21068975;0.22984336;9.892841
293188901541380;0.16280572;0.22984336;9.969456
293188906547630;0.24899697;0.24899697;9.883265
293188911521067;0.1436521;0.21068975;9.950302
293188916527317;0.16280572;0.25857377;9.892841
293188921533567;0.1436521;0.29688102;9.911995
293188926539817;0.18195933;0.2681506;9.959879
293188931544505;0.25857377;0.25857377;9.940725
293188936549192;0.20111294;0.22026655;9.864111
293188941524192;0.19153613;0.20111294;9.864111
293188946528880;0.21068975;0.22026655;9.921572
293188951535130;0.20111294;0.2777274;9.969456
293188956541380;0.18195933;0.31603462;9.950302
293188961546067;0.17238252;0.25857377;9.959879
293188966519505;0.12449849;0.32561144;9.921572
293188971525755;0.18195933;0.2681506;9.892841
293188976530442;0.1436521;0.2681506;9.911995
293188981536692;0.19153613;0.17238252;9.911995
293188986542942;0.20111294;0.22984336;9.892841
293188991547630;0.1340753;0.24899697;9.911995
293188996522630;0.18195933;0.25857377;9.959879
293189001527317;0.18195933;0.25857377;9.902418
293189006533567;0.2777274;0.25857377;9.854534
293189011539817;0.25857377;0.20111294;9.883265
293189016544505;0.20111294;0.16280572;9.911995
293189021519505;0.16280572;0.25857377;9.969456
293189026524192;0.1340753;0.2777274;9.959879
293189031530442;0.16280572;0.25857377;9.950302
293189036535130;0.1436521;0.23942018;9.969456
293189041541380;0.1340753;0.23942018;9.825804
293189046547630;0.21068975;0.2873042;9.883265
293189051521067;0.22026655;0.23942018;9.854534
293189056525755;0.15322891;0.32561144;9.969456
293189061532005;0.21068975;0.23942018;9.902418
293189066538255;0.21068975;0.17238252;9.959879
293189071542942;0.18195933;0.21068975;9.892841
293189076549192;0.18195933;0.21068975;9.892841
293189081524192;0.16280572;0.25857377;9.883265
293189086528880;0.15322891;0.2873042;9.911995
293189091535130;0.18195933;0.22026655;9.854534
293189096539817;0.22026655;0.23942018;9.873688
293189101546067;0.15322891;0.20111294;9.931149
293189106519505;0.22026655;0.2873042;9.902418
293189111524192;0.19153613;0.29688102;9.854534
293189116530442;0.18195933;0.31603462;9.969456
293189121536692;0.19153613;0.2777274;9.921572
293189126541380;0.1436521;0.22026655;9.902418
293189131547630;0.17238252;0.21068975;9.921572
293189136521067;0.21068975;0.31603462;9.950302
293189141527317;0.21068975;0.2873042;9.864111
293189146532005;0.17238252;0.20111294;9.9790325
293189151538255;0.22026655;0.18195933;9.864111
293189156542942;0.1340753;0.30645782;9.931149
293189161549192;0.19153613;0.22026655;9.902418
293189166524192;0.12449849;0.25857377;10.007763
293189171528880;0.19153613;0.22026655;9.864111
293189176533567;0.16280572;0.2873042;9.959879
293189181539817;0.16280572;0.21068975;9.931149
293189186546067;0.21068975;0.22026655;9.959879
293189191519505;0.23942018;0.25857377;9.892841
293189196525755;0.17238252;0.29688102;9.873688
293189201530442;0.21068975;0.30645782;9.892841
293189206536692;0.19153613;0.23942018;9.883265
293189211541380;0.18195933;0.22984336;9.988609
293189216547630;0.1340753;0.21068975;9.921572
293189221522630;0.22984336;0.19153613;9.883265
293189226527317;0.19153613;0.23942018;9.873688
293189231532005;0.22026655;0.2681506;9.911995
293189236538255;0.18195933;0.22026655;9.873688
293189241544505;0.15322891;0.25857377;9.816227
293189246549192;0.19153613;0.22026655;9.988609
293189251524192;0.15322891;0.2681506;9.9790325
293189256528880;0.24899697;0.2777274;9.931149
293189261535130;0.18195933;0.25857377;9.854534
293189266541380;0.18195933;0.23942018;9.892841
293189271546067;0.21068975;0.23942018;9.902418
293189276521067;0.19153613;0.22984336;9.892841
293189281525755;0.1340753;0.24899697;9.873688
293189286532005;0.15322891;0.16280572;9.902418
293189291536692;0.21068975;0.29688102;9.921572
293189296542942;0.23942018;0.34476504;9.902418
293189301547630;0.12449849;0.21068975;9.931149
293189306522630;0.18195933;0.23942018;9.864111
293189311527317;0.17238252;0.20111294;9.940725
293189316533567;0.21068975;0.29688102;9.883265
293189321538255;0.21068975;0.23942018;9.864111
293189326544505;0.19153613;0.25857377;9.873688
293189331519505;0.17238252;0.2681506;9.873688
293189336524192;0.21068975;0.22984336;9.883265
293189341530442;0.16280572;0.22984336;9.902418
293189346535130;0.21068975;0.21068975;9.844957
293189351541380;0.24899697;0.25857377;9.873688
293189356546067;0.20111294;0.2777274;9.854534
293189361521067;0.21068975;0.22984336;9.835381
293189366525755;0.2681506;0.30645782;9.921572
293189371532005;0.22026655;0.25857377;9.921572
293189376538255;0.23942018;0.21068975;9.892841
293189381542942;0.22026655;0.19153613;9.921572
293189386549192;0.21068975;0.20111294;9.883265
293189391522630;0.20111294;0.24899697;9.902418
293189396528880;0.19153613;0.2873042;9.902418
293189401533567;0.22026655;0.29688102;9.950302
293189406539817;0.1436521;0.30645782;9.844957
293189411546067;0.19153613;0.20111294;9.883265
293189416519505;0.17238252;0.2873042;9.844957
293189421524192;0.1436521;0.25857377;9.931149
293189426530442;0.20111294;0.24899697;9.940725
293189431536692;0.22026655;0.25857377;9.950302
293189436541380;0.15322891;0.30645782;9.80665
293189441547630;0.22984336;0.2681506;9.854534
293189446521067;0.1436521;0.31603462;9.940725
293189451527317;0.19153613;0.29688102;9.892841
293189456532005;0.16280572;0.16280572;9.940725
293189461538255;0.20111294;0.30645782;9.835381
293189466544505;0.20111294;0.23942018;9.892841
293189471549192;0.1436521;0.35434186;9.969456
293189476522630;0.22026655;0.20111294;9.854534
293189481528880;0.19153613;0.2873042;9.844957
293189486533567;0.1436521;0.23942018;9.873688
293189491541380;0.16280572;0.22984336;9.931149
293189496546067;0.18195933;0.22026655;9.873688
293189501519505;0.16280572;0.2681506;9.864111
293189506525755;0.1340753;0.21068975;9.931149
293189511530442;0.17238252;0.23942018;9.902418
293189516536692;0.20111294;0.22026655;9.911995
293189521542942;0.2681506;0.2681506;9.959879
293189526549192;0.20111294;0.35434186;9.931149
293189531522630;0.17238252;0.21068975;9.873688
293189536527317;0.22984336;0.25857377;9.883265
293189541533567;0.20111294;0.21068975;9.911995
293189546538255;0.19153613;0.23942018;9.854534
293189551544505;0.22984336;0.17238252;9.921572
293189556549192;0.22026655;0.17238252;9.931149
293189561524192;0.21068975;0.2777274;9.950302
293189566530442;0.17238252;0.32561144;9.825804
293189571535130;0.19153613;0.24899697;9.844957
293189576541380;0.19153613;0.24899697;9.844957
293189581547630;0.19153613;0.24899697;9.844957
293189586521067;0.19153613;0.24899697;9.844957
293189591550755;0.20111294;0.32561144;9.892841
293189596557005;0.17238252;0.23942018;9.854534
293189601536692;0.2777274;0.20111294;9.911995
293189606542942;0.19153613;0.2777274;9.969456
293189611547630;0.22026655;0.2873042;9.940725
293189616522630;0.18195933;0.2777274;9.931149
293189621527317;0.1436521;0.30645782;9.892841
293189626533567;0.18195933;0.23942018;9.892841
293189631539817;0.23942018;0.2777274;9.883265
293189636544505;0.22026655;0.2777274;9.911995
293189641519505;0.19153613;0.24899697;9.911995
293189646525755;0.1436521;0.25857377;9.883265
293189651528880;0.21068975;0.29688102;9.892841
293189656536692;0.2681506;0.24899697;9.844957
293189661541380;0.17238252;0.23942018;9.931149
293189666547630;0.21068975;0.37349546;9.892841
293189671522630;0.17238252;0.22026655;9.883265
293189676527317;0.18195933;0.23942018;9.911995
293189681532005;0.17238252;0.33518824;9.911995
293189686538255;0.25857377;0.32561144;9.931149
293189691542942;0.22984336;0.24899697;9.892841
293189696549192;0.1436521;0.24899697;9.921572
293189701522630;0.15322891;0.23942018;9.911995
293189706528880;0.15322891;0.22984336;9.959879
293189711577317;0.15322891;0.2777274;9.931149
293189716539817;0.20111294;0.30645782;9.825804
293189721546067;0.20111294;0.24899697;9.9790325
293189726519505;0.1340753;0.29688102;9.892841
293189731524192;0.20111294;0.23942018;9.911995
293189736532005;0.16280572;0.2777274;9.931149
293189741536692;0.19153613;0.29688102;9.9790325
293189746541380;0.22026655;0.2681506;9.854534
293189751547630;0.23942018;0.23942018;9.988609
293189756521067;0.18195933;0.25857377;9.835381
293189761527317;0.17238252;0.20111294;9.816227
293189766533567;0.10534488;0.2777274;10.007763
293189771538255;0.12449849;0.18195933;9.988609
293189776544505;0.18195933;0.21068975;9.892841
293189781549192;0.22984336;0.2777274;9.902418
293189786524192;0.1340753;0.2681506;9.940725
293189791528880;0.095768064;0.2873042;9.921572
293189796533567;0.18195933;0.25857377;9.864111
293189801539817;0.22984336;0.22984336;9.77792
293189806546067;0.22984336;0.24899697;9.959879
293189811519505;0.22026655;0.18195933;9.940725
293189816525755;0.22984336;0.22026655;9.844957
293189821530442;0.19153613;0.23942018;9.873688
293189826536692;0.23942018;0.2873042;9.902418
293189831542942;0.17238252;0.25857377;9.959879
293189836547630;0.17238252;0.24899697;9.921572
293189841522630;0.22026655;0.22984336;9.959879
293189846527317;0.20111294;0.29688102;9.854534
293189851533567;0.2777274;0.25857377;9.873688
293189856538255;0.22026655;0.2873042;9.883265
293189861544505;0.22026655;0.30645782;9.959879
293189866550755;0.22984336;0.22984336;9.892841
293189871524192;0.16280572;0.23942018;9.844957
293189876528880;0.24899697;0.34476504;9.911995
293189881535130;0.19153613;0.2873042;9.902418
293189886541380;0.19153613;0.31603462;9.873688
293189891546067;0.1340753;0.25857377;9.864111
293189896521067;0.15322891;0.19153613;9.950302
293189901525755;0.23942018;0.2873042;9.892841
293189906532005;0.22984336;0.21068975;9.969456
293189911538255;0.21068975;0.17238252;9.969456
293189916544505;0.095768064;0.1436521;9.825804
293189921547630;0.17238252;0.22984336;9.911995
293189926522630;0.17238252;0.20111294;9.921572
293189931527317;0.16280572;0.21068975;9.931149
293189936533567;0.22984336;0.22026655;9.892841
293189941539817;0.24899697;0.2777274;9.931149
293189946544505;0.20111294;0.22026655;9.902418
293189951519505;0.16280572;0.22984336;9.921572
293189956525755;0.19153613;0.23942018;9.883265
293189961530442;0.1340753;0.19153613;9.883265
293189966535130;0.22026655;0.2681506;9.825804
293189971541380;0.19153613;0.29688102;9.883265
293189976547630;0.12449849;0.22984336;9.844957
293189981521067;0.18195933;0.24899697;9.854534
293189986527317;0.16280572;0.1436521;9.892841
293189991532005;0.21068975;0.23942018;9.902418
293189996538255;0.18195933;0.16280572;9.959879
293190001542942;0.18195933;0.23942018;9.969456
293190006549192;0.24899697;0.29688102;9.883265
293190011522630;0.17238252;0.18195933;9.969456
293190016528880;0.22984336;0.31603462;9.883265
293190021535130;0.17238252;0.2777274;9.911995
293190026539817;0.12449849;0.29688102;9.854534
293190031546067;0.12449849;0.25857377;9.816227
293190036519505;0.19153613;0.21068975;9.797073
293190041525755;0.21068975;0.2681506;9.883265
293190046530442;0.20111294;0.17238252;9.892841
293190051535130;0.23942018;0.30645782;9.921572
293190056541380;0.22984336;0.24899697;9.921572
293190061547630;0.11492168;0.2777274;9.902418
293190066522630;0.16280572;0.33518824;9.892841
293190071527317;0.23942018;0.18195933;9.911995
293190076533567;0.23942018;0.18195933;9.911995
293190081539817;0.22026655;0.22026655;9.873688
293190086544505;0.18195933;0.35434186;9.883265
293190091549192;0.18195933;0.22984336;9.940725
293190096522630;0.11492168;0.21068975;9.9790325
293190101528880;0.22026655;0.2777274;9.864111
293190106535130;0.19153613;0.22984336;9.902418
293190111539817;0.22984336;0.30645782;9.873688
293190116546067;0.19153613;0.25857377;9.883265
293190121519505;0.22984336;0.36391866;9.969456
293190126525755;0.21068975;0.19153613;9.931149
293190131530442;0.15322891;0.2681506;9.854534
293190136536692;0.21068975;0.2777274;9.883265
293190141542942;0.22026655;0.22984336;9.931149
293190146547630;0.20111294;0.25857377;9.902418
293190151522630;0.18195933;0.24899697;9.959879
293190156528880;0.20111294;0.23942018;9.9790325
293190161533567;0.21068975;0.23942018;9.892841
293190166539817;0.17238252;0.33518824;9.921572
293190171544505;0.1436521;0.25857377;9.883265
293190176517942;0.18195933;0.25857377;9.902418
293190181524192;0.22984336;0.2873042;9.921572
293190186530442;0.23942018;0.33518824;9.931149
293190191535130;0.18195933;0.2681506;9.969456
293190196541380;0.25857377;0.2777274;9.931149
293190201547630;0.1340753;0.2777274;9.911995
293190206521067;0.19153613;0.2873042;9.931149
293190211525755;0.18195933;0.31603462;9.854534
293190216532005;0.18195933;0.24899697;9.9790325
293190221536692;0.18195933;0.23942018;9.844957
293190226542942;0.17238252;0.19153613;9.950302
293190231549192;0.18195933;0.25857377;9.873688
293190236524192;0.18195933;0.2777274;9.892841
293190241528880;0.22984336;0.19153613;9.911995
293190246533567;0.17238252;0.21068975;9.959879
293190251539817;0.19153613;0.22984336;9.921572
293190256544505;0.22026655;0.2873042;9.931149
293190261519505;0.22984336;0.29688102;9.80665
293190266524192;0.22026655;0.29688102;9.864111
293190271530442;0.1436521;0.2681506;9.902418
293190276536692;0.21068975;0.24899697;9.931149
293190281541380;0.10534488;0.22026655;9.873688
293190286547630;0.18195933;0.20111294;9.883265
293190291521067;0.20111294;0.29688102;9.854534
293190296527317;0.16280572;0.2681506;9.854534
293190301532005;0.21068975;0.24899697;9.959879
293190306538255;0.18195933;0.22026655;9.931149
293190311544505;0.18195933;0.2777274;9.902418
293190316549192;0.21068975;0.25857377;9.902418
293190321522630;0.20111294;0.22984336;9.902418
293190326528880;0.1436521;0.2681506;9.931149
293190331533567;0.1436521;0.2681506;9.931149
293190336539817;0.21068975;0.2777274;9.940725
293190341544505;0.2777274;0.22984336;9.931149
293190346519505;0.17238252;0.23942018;9.902418
293190351525755;0.22026655;0.16280572;9.883265
293190356530442;0.1340753;0.30645782;9.80665
293190361536692;0.22026655;0.22984336;9.873688
293190366542942;0.1340753;0.25857377;9.959879
293190371547630;0.15322891;0.32561144;9.921572
293190376521067;0.22026655;0.22984336;9.883265
293190381527317;0.21068975;0.22984336;9.902418
293190386533567;0.22026655;0.25857377;9.816227
293190391538255;0.22026655;0.32561144;9.864111
293190396544505;0.21068975;0.21068975;9.959879
293190401549192;0.18195933;0.22026655;9.931149
293190406524192;0.18195933;0.2873042;9.931149
293190411528880;0.23942018;0.2777274;9.883265
293190416535130;0.15322891;0.2777274;9.921572
293190421539817;0.16280572;0.30645782;9.940725
293190426546067;0.18195933;0.2681506;9.921572
293190431521067;0.21068975;0.24899697;9.940725
293190436525755;0.23942018;0.25857377;9.902418
293190441532005;0.2777274;0.24899697;9.988609
293190446536692;0.17238252;0.24899697;9.931149
293190451542942;0.15322891;0.31603462;9.931149
293190456547630;0.15322891;0.30645782;9.854534
293190461522630;0.22984336;0.24899697;9.835381
293190466527317;0.1340753;0.22026655;9.902418
293190471533567;0.23942018;0.2873042;9.883265
293190476539817;0.22026655;0.19153613;9.9790325
293190481544505;0.2777274;0.2681506;9.80665
293190486527317;0.19153613;0.2873042;9.950302
293190491524192;0.1436521;0.2873042;9.892841
293190496530442;0.19153613;0.25857377;9.873688
293190501535130;0.17238252;0.2873042;9.873688
293190506541380;0.18195933;0.22984336;9.921572
293190511546067;0.16280572;0.31603462;9.883265
293190516521067;0.19153613;0.22984336;9.911995
293190521525755;0.17238252;0.32561144;9.873688
293190526532005;0.16280572;0.2681506;9.892841
293190531538255;0.17238252;0.24899697;9.873688
293190536542942;0.15322891;0.23942018;9.921572
293190541549192;0.22984336;0.29688102;9.844957
293190546522630;0.1436521;0.21068975;9.931149
293190551528880;0.18195933;0.2873042;9.950302
293190556533567;0.20111294;0.2681506;9.959879
293190561539817;0.22984336;0.33518824;9.921572
293190566544505;0.17238252;0.2681506;9.911995
293190571519505;0.25857377;0.16280572;9.921572
293190576525755;0.25857377;0.16280572;9.921572
293190581530442;0.25857377;0.16280572;9.921572
293190586536692;0.25857377;0.16280572;9.921572
293190591555442;0.15322891;0.24899697;9.873688
293190596547630;0.15322891;0.24899697;9.873688
293190601522630;0.1436521;0.2777274;9.873688
293190606527317;0.19153613;0.24899697;9.902418
293190611532005;0.19153613;0.29688102;9.854534
293190616538255;0.22984336;0.23942018;9.931149
293190621542942;0.18195933;0.2873042;9.940725
293190626549192;0.22984336;0.29688102;9.883265
293190631524192;0.21068975;0.22026655;9.921572
293190636528880;0.17238252;0.31603462;9.931149
293190641535130;0.18195933;0.2873042;9.950302
293190646539817;0.19153613;0.2681506;9.921572
293190651546067;0.16280572;0.22984336;9.892841
293190656519505;0.12449849;0.22984336;9.902418
293190661525755;0.16280572;0.33518824;9.835381
293190666530442;0.25857377;0.24899697;9.854534
293190671538255;0.16280572;0.30645782;9.854534
293190676541380;0.20111294;0.21068975;9.816227
293190681547630;0.17238252;0.22984336;9.797073
293190686522630;0.15322891;0.29688102;9.988609
293190691527317;0.22984336;0.20111294;9.950302
293190696532005;0.1436521;0.33518824;9.873688
293190701538255;0.20111294;0.22026655;9.864111
293190706544505;0.20111294;0.2873042;9.854534
293190711549192;0.19153613;0.30645782;9.873688
293190716522630;0.1436521;0.22984336;9.854534
293190721528880;0.22026655;0.31603462;9.873688
293190726535130;0.24899697;0.34476504;9.864111
293190731541380;0.19153613;0.23942018;9.931149
293190736546067;0.10534488;0.23942018;9.902418
293190741521067;0.16280572;0.22984336;9.844957
293190746525755;0.20111294;0.24899697;9.873688
293190751530442;0.22026655;0.33518824;9.825804
293190756536692;0.16280572;0.25857377;9.892841
293190761542942;0.21068975;0.2777274;9.883265
293190766547630;0.17238252;0.23942018;9.883265
293190771522630;0.18195933;0.22984336;9.883265
293190776527317;0.12449849;0.19153613;9.921572
293190781533567;0.1340753;0.31603462;9.950302
293190786538255;0.19153613;0.22984336;9.902418
293190791544505;0.21068975;0.25857377;9.902418
293190796519505;0.24899697;0.2681506;9.797073
293190801524192;0.17238252;0.21068975;9.873688
293190806528880;0.25857377;0.31603462;9.883265
293190811536692;0.18195933;0.22026655;9.911995
293190816541380;0.11492168;0.25857377;9.864111
293190821547630;0.21068975;0.2777274;9.969456
293190826521067;0.25857377;0.33518824;9.892841
293190831527317;0.20111294;0.31603462;9.892841
293190836532005;0.17238252;0.20111294;9.883265
293190841538255;0.15322891;0.22984336;9.902418
293190846544505;0.16280572;0.22026655;9.911995
293190851549192;0.24899697;0.29688102;9.844957
293190856522630;0.24899697;0.23942018;9.864111
293190861528880;0.19153613;0.23942018;9.921572
293190866535130;0.19153613;0.34476504;9.844957
293190871539817;0.22026655;0.2873042;9.787497
293190876546067;0.21068975;0.2873042;9.883265
293190881519505;0.11492168;0.22026655;9.931149
293190886525755;0.22026655;0.23942018;9.864111
293190891530442;0.23942018;0.19153613;9.950302
293190896536692;0.18195933;0.23942018;9.902418
293190901541380;0.20111294;0.2777274;9.921572
293190906547630;0.18195933;0.24899697;9.797073
293190911522630;0.1340753;0.25857377;9.969456
293190916527317;0.15322891;0.20111294;9.911995
293190921532005;0.22026655;0.22984336;9.940725
293190926538255;0.22026655;0.23942018;9.883265
293190931544505;0.19153613;0.29688102;9.883265
293190936549192;0.15322891;0.22026655;9.940725
293190941522630;0.18195933;0.19153613;9.864111
293190946528880;0.16280572;0.30645782;9.873688
293190951535130;0.20111294;0.24899697;9.911995
293190956539817;0.20111294;0.25857377;9.835381
293190961546067;0.18195933;0.22984336;9.902418
293190966521067;0.22026655;0.20111294;9.883265
293190971525755;0.20111294;0.25857377;9.883265
293190976530442;0.22026655;0.21068975;9.883265
293190981536692;0.23942018;0.24899697;9.864111
293190986542942;0.18195933;0.23942018;9.921572
293190991547630;0.22026655;0.22984336;9.911995
293190996522630;0.1436521;0.19153613;9.911995
293191001527317;0.16280572;0.2873042;9.902418
293191006532005;0.19153613;0.25857377;9.892841
293191011538255;0.19153613;0.2681506;9.892841
293191016544505;0.19153613;0.23942018;9.940725
293191021549192;0.20111294;0.22026655;9.892841
293191026524192;0.18195933;0.30645782;9.816227
293191031528880;0.15322891;0.2777274;9.844957
293191036535130;0.21068975;0.24899697;9.854534
293191041539817;0.21068975;0.23942018;9.921572
293191046546067;0.24899697;0.31603462;9.911995
293191051521067;0.21068975;0.23942018;9.931149
293191056525755;0.20111294;0.2681506;9.873688
293191061532005;0.17238252;0.20111294;9.883265
293191066536692;0.21068975;0.20111294;9.902418
293191071542942;0.16280572;0.2681506;9.825804
293191076549192;0.16280572;0.2681506;9.825804
293191081522630;0.16280572;0.2681506;9.921572
293191086528880;0.18195933;0.21068975;9.969456
293191091533567;0.22026655;0.25857377;9.844957
293191096539817;0.18195933;0.21068975;9.873688
293191101544505;0.22984336;0.35434186;9.854534
293191106519505;0.22984336;0.21068975;9.835381
293191111524192;0.18195933;0.21068975;9.959879
293191116530442;0.20111294;0.30645782;9.892841
293191121535130;0.17238252;0.21068975;9.768343
293191126541380;0.17238252;0.24899697;9.969456
293191131547630;0.16280572;0.16280572;9.902418
293191136522630;0.15322891;0.24899697;9.902418
293191141527317;0.25857377;0.2681506;9.902418
293191146532005;0.15322891;0.33518824;9.787497
293191151538255;0.21068975;0.19153613;10.01734
293191156542942;0.20111294;0.29688102;9.892841
293191161549192;0.20111294;0.2777274;9.940725
293191166524192;0.20111294;0.22984336;9.931149
293191171528880;0.16280572;0.2681506;9.892841
293191176533567;0.25857377;0.32561144;9.950302
293191181539817;0.20111294;0.23942018;9.883265
293191186546067;0.17238252;0.25857377;9.873688
293191191519505;0.21068975;0.2873042;9.844957
293191196525755;0.22026655;0.23942018;9.835381
293191201530442;0.2681506;0.18195933;9.892841
293191206536692;0.15322891;0.2873042;9.931149
293191211541380;0.19153613;0.18195933;9.921572
293191216547630;0.21068975;0.32561144;9.854534
293191221521067;0.16280572;0.2681506;9.883265
293191226527317;0.25857377;0.21068975;9.835381
293191231532005;0.18195933;0.24899697;9.911995
293191236538255;0.20111294;0.25857377;9.883265
293191241544505;0.23942018;0.32561144;9.864111
293191246549192;0.18195933;0.2873042;9.864111
293191251524192;0.17238252;0.23942018;9.931149
293191256528880;0.17238252;0.19153613;9.902418
293191261533567;0.16280572;0.24899697;9.825804
293191266541380;0.16280572;0.33518824;9.864111
293191271546067;0.18195933;0.29688102;9.825804
293191276521067;0.22026655;0.31603462;9.844957
293191281525755;0.1436521;0.19153613;9.797073
293191286532005;0.20111294;0.23942018;9.873688
293191291536692;0.21068975;0.22026655;9.854534
293191296541380;0.24899697;0.2681506;9.892841
293191301547630;0.23942018;0.23942018;9.911995
293191306522630;0.20111294;0.22984336;9.854534
293191311527317;0.18195933;0.20111294;9.892841
293191316533567;0.18195933;0.2681506;9.959879
293191321538255;0.20111294;0.25857377;9.816227
293191326544505;0.17238252;0.2873042;9.892841
293191331549192;0.20111294;0.24899697;9.892841
293191336524192;0.12449849;0.32561144;9.873688
293191341530442;0.22984336;0.22026655;9.787497
293191346535130;0.24899697;0.24899697;9.844957
293191351541380;0.1436521;0.21068975;9.902418
293191356546067;0.17238252;0.29688102;9.921572
293191361521067;0.22984336;0.22026655;9.959879
293191366525755;0.1436521;0.31603462;9.864111
293191371532005;0.19153613;0.29688102;9.864111
293191376538255;0.19153613;0.2777274;9.921572
293191381542942;0.21068975;0.25857377;9.892841
293191386549192;0.18195933;0.18195933;9.835381
293191391522630;0.19153613;0.24899697;9.892841
293191396528880;0.23942018;0.21068975;9.911995
293191401533567;0.17238252;0.2681506;9.911995
293191406539817;0.21068975;0.24899697;9.931149
293191411544505;0.17238252;0.24899697;9.892841
293191416517942;0.18195933;0.36391866;9.835381
293191421524192;0.22026655;0.2681506;9.988609
293191426530442;0.20111294;0.29688102;9.921572
293191431536692;0.21068975;0.22026655;9.892841
293191436541380;0.19153613;0.24899697;9.883265
293191441546067;0.15322891;0.21068975;9.959879
293191446521067;0.21068975;0.24899697;9.864111
293191451527317;0.22026655;0.22984336;9.854534
293191456532005;0.22026655;0.29688102;9.902418
293191461538255;0.16280572;0.29688102;9.911995
293191466544505;0.2681506;0.33518824;9.911995
293191471549192;0.21068975;0.24899697;9.940725
293191476522630;0.1340753;0.2681506;9.835381
293191481528880;0.19153613;0.2681506;9.902418
293191486533567;0.19153613;0.23942018;9.797073
293191491539817;0.22026655;0.19153613;9.940725
293191496546067;0.22026655;0.32561144;9.873688
293191501519505;0.23942018;0.20111294;10.007763
293191506524192;0.20111294;0.25857377;9.902418
293191511530442;0.21068975;0.25857377;9.864111
293191516536692;0.18195933;0.19153613;9.844957
293191521541380;0.21068975;0.24899697;9.959879
293191526547630;0.22026655;0.31603462;9.959879
293191531522630;0.20111294;0.2681506;9.883265
293191536527317;0.22984336;0.2777274;9.902418
293191541532005;0.23942018;0.22026655;9.80665
293191546538255;0.19153613;0.29688102;9.911995
293191551544505;0.24899697;0.24899697;9.873688
293191556549192;0.20111294;0.16280572;9.892841
293191561524192;0.1436521;0.22984336;9.883265
293191566530442;0.21068975;0.2777274;9.835381
293191571535130;0.22026655;0.22026655;9.80665
293191576541380;0.22026655;0.22026655;9.80665
293191581546067;0.22026655;0.22026655;9.80665
293191586521067;0.22026655;0.22026655;9.80665
293191591528880;0.2777274;0.23942018;9.77792
293191596536692;0.2777274;0.23942018;9.77792
293191601536692;0.20111294;0.29688102;9.911995
293191606542942;0.23942018;0.23942018;9.864111
293191611547630;0.18195933;0.18195933;9.892841
293191616522630;0.19153613;0.2681506;9.902418
293191621527317;0.24899697;0.29688102;9.873688
293191626533567;0.20111294;0.29688102;9.864111
293191631539817;0.20111294;0.2873042;9.864111
293191636544505;0.21068975;0.2777274;9.854534
293191641519505;0.20111294;0.22984336;9.883265
293191646524192;0.19153613;0.21068975;9.883265
293191651528880;0.12449849;0.22984336;9.873688
293191656535130;0.24899697;0.23942018;9.921572
293191661541380;0.21068975;0.29688102;9.883265
293191666546067;0.22026655;0.25857377;9.988609
293191671521067;0.12449849;0.19153613;9.892841
293191676525755;0.22026655;0.24899697;9.883265
293191681532005;0.22026655;0.21068975;9.873688
293191686539817;0.22026655;0.23942018;9.902418
293191691542942;0.21068975;0.24899697;9.864111
293191696549192;0.19153613;0.22984336;9.921572
293191701522630;0.21068975;0.2777274;9.787497
293191706528880;0.20111294;0.2873042;9.835381
293191711533567;0.18195933;0.2681506;9.911995
293191716539817;0.16280572;0.21068975;9.883265
293191721544505;0.1436521;0.24899697;9.911995
293191726519505;0.23942018;0.22984336;9.902418
293191731524192;0.11492168;0.22984336;9.940725
293191736530442;0.25857377;0.23942018;9.959879
293191741536692;0.25857377;0.2681506;9.873688
293191746541380;0.22026655;0.24899697;9.797073
293191751547630;0.22026655;0.2777274;9.911995
293191756522630;0.17238252;0.20111294;9.864111
293191761527317;0.20111294;0.2777274;9.854534
293191766532005;0.18195933;0.18195933;9.787497
293191771538255;0.16280572;0.20111294;9.892841
293191776542942;0.21068975;0.22026655;9.931149
293191781549192;0.22026655;0.29688102;9.816227
293191786522630;0.21068975;0.24899697;9.825804
293191791528880;0.19153613;0.23942018;9.892841
293191796533567;0.20111294;0.22026655;9.950302
293191801539817;0.20111294;0.24899697;9.864111
293191806547630;0.20111294;0.20111294;9.844957
293191811519505;0.22984336;0.20111294;9.835381
293191816525755;0.21068975;0.25857377;9.825804
293191821530442;0.22026655;0.25857377;9.931149
293191826536692;0.20111294;0.20111294;9.825804
293191831542942;0.20111294;0.22984336;9.921572
293191836547630;0.18195933;0.22984336;9.883265
293191841521067;0.16280572;0.25857377;9.873688
293191846527317;0.23942018;0.29688102;9.892841
293191851533567;0.2681506;0.29688102;9.883265
293191856539817;0.1340753;0.19153613;9.902418
293191861544505;0.17238252;0.33518824;9.835381
293191866549192;0.22984336;0.23942018;9.873688
293191871524192;0.19153613;0.18195933;9.854534
293191876528880;0.17238252;0.20111294;9.883265
293191881535130;0.23942018;0.22984336;9.883265
293191886541380;0.23942018;0.2681506;9.911995
293191891546067;0.1436521;0.22026655;9.844957
293191896519505;0.20111294;0.30645782;9.931149
293191901525755;0.18195933;0.20111294;9.768343
293191906530442;0.22984336;0.33518824;9.873688
293191911536692;0.20111294;0.20111294;9.873688
293191916542942;0.22984336;0.2777274;9.931149
293191921549192;0.19153613;0.20111294;9.902418
293191926522630;0.20111294;0.17238252;9.911995
293191931528880;0.21068975;0.23942018;9.854534
293191936533567;0.25857377;0.22984336;9.844957
293191941539817;0.15322891;0.23942018;9.864111
293191946544505;0.20111294;0.33518824;9.825804
293191951517942;0.17238252;0.31603462;9.931149
293191956524192;0.23942018;0.29688102;9.911995
293191961528880;0.22984336;0.24899697;9.864111
293191966535130;0.17238252;0.20111294;9.921572
293191971541380;0.19153613;0.23942018;9.892841
293191976547630;0.19153613;0.19153613;9.969456
293191981521067;0.17238252;0.2777274;9.892841
293191986525755;0.24899697;0.2777274;9.825804
293191991532005;0.21068975;0.25857377;9.816227
293191996538255;0.21068975;0.24899697;9.950302
293192001542942;0.22026655;0.2681506;9.988609
293192006549192;0.23942018;0.22026655;9.902418
293192011522630;0.21068975;0.23942018;9.844957
293192016528880;0.21068975;0.22984336;9.959879
293192021533567;0.17238252;0.24899697;9.940725
293192026539817;0.20111294;0.2777274;9.950302
293192031546067;0.22984336;0.2777274;9.902418
293192036519505;0.23942018;0.22984336;9.844957
293192041524192;0.22984336;0.21068975;9.844957
293192046530442;0.12449849;0.2873042;9.902418
293192051536692;0.18195933;0.32561144;9.864111
293192056541380;0.2873042;0.25857377;9.816227
293192061547630;0.22984336;0.29688102;9.911995
293192066521067;0.25857377;0.22026655;9.835381
293192071527317;0.19153613;0.19153613;9.911995
293192076533567;0.19153613;0.19153613;9.911995
293192081538255;0.21068975;0.2777274;9.892841
293192086542942;0.21068975;0.17238252;9.902418
293192091549192;0.16280572;0.25857377;9.921572
293192096524192;0.15322891;0.2777274;9.835381
293192101528880;0.2777274;0.25857377;9.950302
293192106533567;0.21068975;0.24899697;9.864111
293192111539817;0.20111294;0.2777274;9.797073
293192116546067;0.19153613;0.25857377;9.864111
293192121519505;0.22984336;0.33518824;9.883265
293192126525755;0.20111294;0.22026655;9.931149
293192131530442;0.20111294;0.2681506;9.80665
293192136536692;0.25857377;0.32561144;9.902418
293192141541380;0.25857377;0.25857377;10.007763
293192146547630;0.2777274;0.24899697;9.892841
293192151522630;0.19153613;0.25857377;9.921572
293192156527317;0.18195933;0.2777274;9.80665
293192161533567;0.24899697;0.25857377;9.835381
293192166538255;0.22026655;0.19153613;9.911995
293192171544505;0.23942018;0.2681506;9.902418
293192176549192;0.22984336;0.19153613;9.950302
293192181524192;0.18195933;0.2681506;9.902418
293192186528880;0.15322891;0.16280572;9.739613
293192191535130;0.2777274;0.2777274;9.883265
293192196539817;0.18195933;0.30645782;9.931149
293192201546067;0.18195933;0.29688102;9.873688
293192206521067;0.18195933;0.32561144;9.825804
293192211525755;0.21068975;0.25857377;9.864111
293192216530442;0.15322891;0.2681506;9.921572
293192221536692;0.20111294;0.22984336;9.825804
293192226542942;0.23942018;0.22984336;9.902418
293192231549192;0.19153613;0.24899697;9.921572
293192236522630;0.25857377;0.25857377;9.940725
293192241527317;0.1436521;0.20111294;9.892841
293192246533567;0.22984336;0.21068975;9.902418
293192251539817;0.16280572;0.25857377;9.911995
293192256546067;0.16280572;0.22984336;9.873688
293192261519505;0.16280572;0.20111294;9.911995
293192266524192;0.17238252;0.2777274;9.902418
293192271530442;0.20111294;0.20111294;9.940725
293192276535130;0.15322891;0.31603462;9.80665
293192281541380;0.18195933;0.2681506;9.950302
293192286547630;0.17238252;0.25857377;9.911995
293192291521067;0.18195933;0.25857377;9.883265
293192296525755;0.15322891;0.31603462;9.816227
293192301532005;0.17238252;0.22984336;9.892841
293192306538255;0.24899697;0.22026655;9.873688
293192311542942;0.22984336;0.25857377;9.864111
293192316549192;0.22984336;0.16280572;9.902418
293192321522630;0.17238252;0.2777274;9.902418
293192326527317;0.16280572;0.21068975;9.873688
293192331533567;0.21068975;0.22026655;9.844957
293192336539817;0.17238252;0.31603462;9.931149
293192341544505;0.17238252;0.2681506;9.911995
293192346519505;0.20111294;0.25857377;9.921572
293192351524192;0.18195933;0.29688102;9.854534
293192356530442;0.21068975;0.29688102;9.892841
293192361536692;0.16280572;0.30645782;9.921572
293192366542942;0.22984336;0.21068975;9.835381
293192371547630;0.21068975;0.23942018;9.844957
293192376521067;0.12449849;0.19153613;9.902418
293192381527317;0.18195933;0.19153613;9.950302
293192386532005;0.18195933;0.23942018;9.844957
293192391538255;0.17238252;0.25857377;9.902418
293192396542942;0.21068975;0.24899697;9.864111
293192401549192;0.019153614;1.1875241;8.734048
293192406524192;0.2777274;-2.2697031;6.7133417
293192411528880;-0.1340753;0.6895301;9.672575
293192416533567;-1.0055647;-1.4748282;10.160992
293192421539817;1.292869;0.80445176;11.587936
293192426546067;1.6950948;1.3599066;9.212888
293192431519505;-0.2681506;0.5746084;6.081272
293192436525755;-0.7086837;0.32561144;12.038046
293192441530442;-1.4652514;-0.7374141;12.392388
293192446536692;-0.6895301;0.0;10.572795
293192451541380;0.91937345;0.6799533;8.360553
293192456547630;1.1300632;0.61291564;9.346964
293192461522630;0.50757074;0.33518824;10.333375
293192466527317;-0.24899697;0.047884032;10.601525
293192471533567;-0.17238252;-0.06703765;9.346964
293192476538255;0.41180268;0.36391866;9.662998
293192481544505;0.22984336;0.31603462;8.887277
293192486550755;0.4405331;0.20111294;9.787497
293192491524192;0.5363012;0.32561144;11.051635
293192496528880;0.10534488;0.2681506;10.103531
293192501535130;0.22984336;0.63206923;9.634268
293192506541380;0.33518824;0.4213795;9.3661175
293192511546067;-0.11492168;-0.02873042;9.720459
293192516521067;-0.41180268;0.10534488;10.28549
293192521525755;-0.08619126;0.18195933;10.25676
293192526532005;0.58418524;0.2777274;9.720459
293192531536692;0.6512229;0.4213795;9.500193
293192536542942;0.2681506;0.31603462;9.739613
293192541547630;-0.095768064;0.16280572;10.314221
293192546522630;-0.047884032;0.29688102;9.892841
293192551527317;0.2777274;0.45968673;9.394848
293192556533567;0.51714754;0.46926352;9.586384
293192561539817;0.37349546;0.2873042;9.931149
293192566544505;0.16280572;0.20111294;10.103531
293192571519505;0.17238252;0.22026655;9.883265
293192576525755;0.17238252;0.22026655;9.883265
293192581530442;0.17238252;0.22026655;9.883265
293192586535130;0.17238252;0.22026655;9.883265
293192591541380;0.11492168;0.2681506;10.065224
293192596594505;0.095768064;0.25857377;9.950302
293192601521067;0.21068975;0.35434186;9.844957
293192606525755;0.29688102;0.36391866;9.758766
293192611532005;0.20111294;0.16280572;9.691729
293192616536692;0.047884032;0.18195933;9.816227
293192621542942;0.1340753;0.1340753;10.055647
293192626549192;0.36391866;0.30645782;9.969456
293192631522630;0.49799395;0.45968673;9.662998
293192636528880;0.4309563;0.30645782;9.80665
293192641533567;0.1340753;0.19153613;9.969456
293192646539817;-0.095768064;0.21068975;10.0269165
293192651546067;-0.019153614;0.2681506;9.883265
293192656519505;0.19153613;0.34476504;9.586384
293192661525755;0.25857377;0.31603462;9.768343
293192666530442;0.24899697;0.25857377;10.007763
293192671536692;0.18195933;0.24899697;10.04607
293192676541380;0.32561144;0.20111294;9.739613
293192681547630;0.25857377;0.2681506;9.749189
293192686521067;0.16280572;0.20111294;9.9790325
293192691527317;0.019153614;0.20111294;9.950302
293192696532005;0.15322891;0.29688102;9.864111
293192701538255;0.30645782;0.2873042;9.835381
293192706544505;0.29688102;0.30645782;9.883265
293192711549192;0.23942018;0.19153613;9.9790325
293192716524192;0.22026655;0.19153613;9.844957
293192721528880;0.12449849;0.1436521;9.864111
293192726533567;0.05746084;0.1340753;9.940725
293192731539817;0.17238252;0.24899697;9.9790325
293192736544505;0.24899697;0.31603462;9.864111
293192741521067;0.31603462;0.2681506;9.873688
293192746525755;0.24899697;0.2777274;9.835381
293192751530442;0.19153613;0.2681506;9.873688
293192756536692;1.3503298;1.4748282;9.509769
293192761542942;0.095768064;-0.20111294;8.896853
293192766547630;0.59376204;0.22984336;11.358093
293192771522630;0.22026655;0.34476504;14.518439
293192776527317;0.038307227;0.6991069;9.519346
293192781533567;1.5035586;1.5035586;8.0445175
293192786539817;0.41180268;0.0;7.4507556
293192791544505;-1.5801731;0.06703765;10.342952
293192796549192;-1.9249382;-1.0630256;11.865664
293192801524192;0.076614454;0.22984336;10.477027
293192806528880;1.043872;0.92895025;7.7572136
293192811535130;1.0247183;0.81402856;8.580819
293192816541380;0.5267244;0.32561144;10.630256
293192821546067;-0.20111294;0.35434186;10.745177
293192826521067;-0.2873042;0.02873042;9.490616
293192831525755;0.4405331;0.22026655;9.586384
293192836532005;0.60333884;0.32561144;9.270349
293192841538255;0.33518824;0.2873042;10.180145
293192846542942;0.40222588;0.16280572;10.697293
293192851547630;0.16280572;0.24899697;10.477027
293192856522630;0.25857377;0.48841715;8.868123
293192861527317;0.17238252;0.19153613;9.232041
293192866533567;-0.22984336;0.038307227;10.065224
293192871539817;-0.4213795;0.076614454;10.323798
293192876544505;0.2777274;0.11492168;9.921572
293192881519505;0.81402856;0.4309563;9.931149
293192886525755;0.7086837;0.4405331;9.844957
293192891530442;0.076614454;0.19153613;10.007763
293192896535130;-0.047884032;0.38307226;10.04607
293192901541380;-0.095768064;0.33518824;9.662998
293192906547630;0.076614454;0.35434186;9.490616
293192911521067;0.5267244;0.2873042;10.01734
293192916527317;0.48841715;0.2777274;9.931149
293192921532005;0.30645782;0.2873042;9.835381
293192926538255;0.1436521;0.076614454;9.844957
293192931544505;0.05746084;0.21068975;10.141838
293192936549192;-0.047884032;0.34476504;9.931149
293192941522630;0.1340753;0.31603462;9.854534
293192946528880;0.1340753;0.34476504;9.816227
293192951533567;0.076614454;0.22026655;9.9790325
293192956539817;0.11492168;0.24899697;9.950302
293192961546067;0.2777274;0.22026655;9.835381
293192966519505;0.32561144;0.15322891;9.528923
293192971525755;0.10534488;0.11492168;9.883265
293192976530442;0.15322891;0.15322891;10.199299
293192981535130;0.2777274;0.22984336;10.25676
293192986542942;0.46926352;0.46926352;9.77792
293192991547630;0.40222588;0.39264908;9.672575
293192996521067;-0.047884032;0.37349546;9.9790325
293193001527317;-0.23942018;0.21068975;10.01734
293193006533567;-0.038307227;0.29688102;9.816227
293193011538255;0.2681506;0.33518824;9.56723
293193016544505;0.40222588;0.32561144;9.710882
293193021549192;0.30645782;0.1340753;10.189722
293193026522630;0.32561144;0.31603462;10.01734
293193031528880;0.2777274;0.22984336;9.739613
293193036535130;0.2873042;0.33518824;9.825804
293193041539817;0.08619126;0.22984336;9.959879
293193046546067;-0.019153614;0.36391866;9.844957
293193051519505;0.12449849;0.37349546;9.672575
293193056525755;0.2777274;0.2873042;9.720459
293193061532005;0.2777274;0.29688102;9.902418
293193066536692;0.29688102;0.12449849;9.969456
293193071542942;0.11492168;0.18195933;9.940725
293193076549192;0.11492168;0.18195933;9.940725
293193081522630;0.047884032;0.2777274;10.007763
293193086528880;0.08619126;0.33518824;9.988609
293193091532005;0.21068975;0.36391866;9.873688
293193096539817;0.21068975;0.34476504;9.710882
293193101544505;0.10534488;0.2873042;9.883265
293193106519505;0.10534488;0.20111294;9.921572
293193111524192;0.31603462;0.20111294;9.787497
293193116530442;0.39264908;0.15322891;9.787497
293193121535130;0.34476504;0.22984336;9.950302
293193126541380;0.15322891;0.19153613;9.959879
293193131546067;0.19153613;0.25857377;9.9790325
293193136521067;0.11492168;0.37349546;9.825804
293193141525755;-0.39264908;0.4405331;6.5696893
293193146532005;0.10534488;-0.21068975;8.303091
293193151538255;-0.33518824;-1.283292;12.172121
293193156542942;0.47884035;1.283292;13.244724
293193161549192;0.2681506;1.1109096;8.418014
293193166522630;1.6472107;1.4556746;7.73806
293193171528880;-0.047884032;0.5746084;7.9391727
293193176533567;-1.9440918;-0.39264908;10.5440645
293193181539817;-1.0055647;-0.41180268;12.74673
293193186546067;0.22984336;0.32561144;10.5440645
293193191519505;1.2258313;0.9768343;7.3166804
293193196524192;1.3120226;0.78529817;8.848969
293193201530442;0.4309563;-0.1340753;10.496181
293193206536692;-0.25857377;0.05746084;11.080365
293193211541380;-0.29688102;0.047884032;9.835381
293193216547630;0.48841715;0.33518824;9.279925
293193221521067;0.8619126;0.47884035;9.088389
293193226527317;0.24899697;0.24899697;10.237606
293193231532005;-0.05746084;0.047884032;10.94629
293193236538255;-0.05746084;0.50757074;10.266336
293193241542942;0.12449849;0.45010993;8.925584
293193246549192;0.18195933;0.20111294;8.781932
293193251522630;-0.11492168;0.05746084;10.04607
293193256528880;-0.36391866;-0.08619126;10.496181
293193261533567;0.23942018;0.08619126;10.457873
293193266539817;0.9672575;0.47884035;9.940725
293193271546067;0.7565677;0.60333884;9.816227
293193276519505;0.19153613;0.50757074;9.749189
293193281525755;-0.18195933;0.45968673;9.921572
293193286530442;-0.36391866;0.23942018;9.720459
293193291536692;-0.05746084;0.2681506;9.701305
293193296541380;0.32561144;0.2873042;9.758766
293193301547630;0.62249243;0.22984336;9.691729
293193306521067;0.45968673;0.1340753;9.758766
293193311527317;0.17238252;-0.009576807;10.218452
293193316532005;-0.095768064;0.11492168;10.304645
293193321538255;0.05746084;0.38307226;9.768343
293193326544505;0.22984336;0.40222588;9.490616
293193331549192;0.1436521;0.48841715;9.710882
293193336524192;-0.009576807;0.35434186;10.1226845
293193341530442;0.2681506;0.24899697;10.314221
293193346535130;0.49799395;0.41180268;9.56723
293193351541380;0.46926352;0.2873042;9.260772
293193356546067;0.21068975;-0.038307227;9.509769
293193361521067;-0.06703765;0.009576807;10.390836
293193366527317;0.02873042;0.1340753;10.43872
293193371532005;0.5554548;0.47884035;9.797073
293193376536692;0.545878;0.51714754;9.586384
293193381542942;0.05746084;0.30645782;10.007763
293193386547630;-0.39264908;0.24899697;10.151415
293193391522630;-0.33518824;0.30645782;9.902418
293193396527317;0.16280572;0.19153613;9.337387
293193401533567;0.47884035;0.22026655;9.624691
293193406539817;0.45968673;0.1340753;10.065224
293193411544505;0.41180268;0.17238252;10.0748005
293193416519505;0.41180268;0.20111294;9.9790325
293193421524192;0.39264908;0.34476504;9.931149
293193426528880;0.095768064;0.33518824;9.940725
293193431535130;-0.02873042;0.41180268;9.825804
293193436541380;-0.1340753;0.35434186;9.643845
293193441546067;0.019153614;0.2777274;9.816227
293193446521067;0.21068975;0.34476504;9.950302
293193451525755;0.39264908;0.2777274;9.873688
293193456532005;0.45010993;0.1436521;9.80665
293193461538255;0.24899697;0.02873042;9.873688
293193466542942;0.11492168;0.0;10.055647
293193471549192;0.15322891;0.24899697;10.007763
293193476522630;0.2777274;0.37349546;9.911995
293193481528880;0.30645782;0.46926352;9.662998
293193486533567;0.15322891;0.47884035;9.787497
293193491539817;0.038307227;0.30645782;9.911995
293193496546067;0.1340753;0.16280572;9.816227
293193501519505;0.2777274;0.1340753;9.710882
293193506524192;0.2777274;0.12449849;9.80665
293193511530442;0.30645782;0.18195933;10.01734
293193516536692;0.1436521;0.10534488;10.141838
293193521541380;1.3503298;1.5610195;9.452309
293193526547630;-0.10534488;-0.30645782;8.446744
293193531521067;0.4309563;0.62249243;10.97502
293193536527317;-0.08619126;-0.10534488;13.426683
293193541532005;-0.009576807;0.63206923;9.902418
293193546538255;1.340753;1.5897499;8.647857
293193551544505;0.5554548;-0.58418524;7.335834
293193556549192;-1.2162545;0.842759;10.0748005
293193561524192;-1.8387469;-0.6703765;10.582372
293193566528880;0.0;0.009576807;11.473015
293193571535130;0.076614454;0.1340753;10.429143
293193576541380;0.076614454;0.1340753;10.429143
293193581546067;0.076614454;0.1340753;10.429143
293193586519505;0.076614454;0.1340753;10.429143
293193591533567;-0.40222588;0.047884032;9.461885
293193596530442;-0.40222588;0.047884032;9.461885
293193601536692;0.17238252;0.095768064;9.260772
293193606542942;0.5554548;0.33518824;10.007763
293193611547630;0.4213795;0.2681506;10.563218
293193616522630;0.47884035;0.37349546;10.630256
293193621527317;0.36391866;0.4405331;9.758766
293193626532005;-0.06703765;0.2681506;8.896853
293193631538255;-0.2873042;0.08619126;9.586384
293193636544505;-0.4309563;0.0;9.940725
293193641549192;-0.038307227;0.047884032;10.055647
293193646524192;0.60333884;0.2681506;10.237606
293193651528880;0.9959879;0.59376204;10.237606
293193656535130;0.8331822;0.62249243;9.80665
293193661541380;0.1340753;0.38307226;9.5385
293193666546067;-0.37349546;0.1340753;9.710882
293193671521067;-0.45010993;0.08619126;10.065224
293193676525755;-0.05746084;0.23942018;9.854534
293193681532005;0.7182605;0.40222588;9.586384
293193686538255;0.7661445;0.31603462;9.662998
293193691542942;0.2777274;0.22026655;9.988609
293193696547630;-0.009576807;0.12449849;10.400413
293193701522630;-0.038307227;0.21068975;9.902418
293193706527317;0.15322891;0.4405331;9.423578
293193711533567;0.20111294;0.36391866;9.5385
293193716539817;0.047884032;0.22026655;10.036493
293193721544505;0.17238252;0.20111294;10.208876
293193726519505;0.33518824;0.35434186;9.854534
293193731524192;0.47884035;0.35434186;9.433155
293193736530442;0.29688102;0.22984336;9.500193
293193741535130;0.0;0.05746084;10.036493
293193746541380;-0.047884032;0.17238252;10.160992
293193751547630;0.29688102;0.2873042;9.844957
293193756521067;0.4309563;0.4405331;9.691729
293193761527317;0.20111294;0.40222588;9.835381
293193766532005;-0.038307227;0.23942018;9.921572
293193771538255;-0.1436521;0.2777274;9.921572
293193776542942;0.10534488;0.15322891;9.787497
293193781549192;0.31603462;0.21068975;9.883265
293193786522630;0.4309563;0.30645782;9.921572
293193791528880;0.40222588;0.24899697;9.931149
293193796533567;0.31603462;0.23942018;10.04607
293193801539817;0.1436521;0.22984336;9.931149
293193806546067;0.06703765;0.31603462;9.931149
293193811519505;0.15322891;0.36391866;9.825804
293193816524192;0.21068975;0.2681506;9.720459
293193821530442;0.11492168;0.2777274;9.883265
293193826536692;0.11492168;0.25857377;9.911995
293193831541380;0.30645782;0.31603462;9.835381
293193836547630;0.40222588;0.21068975;9.730036
293193841521067;0.24899697;0.19153613;9.816227
293193846528880;0.11492168;0.1340753;9.931149
293193851532005;0.019153614;0.2873042;10.036493
293193856536692;0.19153613;0.29688102;9.854534
293193861544505;0.32561144;0.32561144;9.797073
293193866549192;0.17238252;0.30645782;9.825804
293193871524192;0.10534488;0.22026655;9.835381
293193876528880;0.1340753;0.17238252;9.825804
293193881535130;0.25857377;0.19153613;9.825804
293193886541380;0.35434186;0.21068975;9.864111
293193891546067;0.30645782;0.19153613;9.844957
293193896521067;0.2681506;0.23942018;9.911995
293193901525755;0.1340753;0.21068975;9.911995
293193906530442;0.05746084;0.33518824;9.940725
293193911536692;0.15322891;0.32561144;9.787497
293193916542942;0.15322891;0.33518824;9.710882
293193921547630;0.095768064;0.30645782;9.710882
293193926522630;0.15322891;0.18195933;9.931149
293193931527317;0.31603462;0.22026655;9.864111
293193936532005;-0.2777274;-0.1340753;8.494628
293193941539817;0.08619126;-0.48841715;7.28795
293193946544505;-0.33518824;-1.2066777;10.342952
293193951549192;0.80445176;1.4173675;11.990162
293193956524192;0.18195933;0.92895025;8.283937
293193961528880;1.1300632;1.4556746;7.8050976
293193966535130;-0.18195933;0.0;9.097966
293193971541380;-1.7812861;0.18195933;9.873688
293193976546067;-1.5897499;-0.9768343;10.400413
293193981521067;0.49799395;0.16280572;10.630256
293193986527317;1.2258313;0.7757214;8.781932
293193991532005;1.3790601;0.7757214;8.954314
293193996536692;1.1300632;0.2681506;9.864111
293194001542942;-0.21068975;0.0;10.419566
293194006547630;-0.6991069;0.31603462;9.758766
293194011522630;-0.16280572;0.21068975;9.040505
293194016527317;0.38307226;0.2681506;9.481039
293194021533567;0.32561144;0.2777274;10.333375
293194026539817;0.2777274;0.25857377;10.668563
293194031544505;0.49799395;0.49799395;10.180145
293194036519505;0.40222588;0.6607997;9.011775
293194041524192;-0.12449849;0.19153613;8.7053175
293194046530442;-0.41180268;-0.11492168;9.749189
293194051536692;-0.49799395;-0.08619126;10.199299
293194056541380;0.15322891;0.10534488;10.266336
293194061547630;1.0726024;0.5267244;10.323798
293194066521067;1.1779473;0.7757214;10.0748005
293194071527317;-0.19153613;0.32561144;9.576807
293194076532005;-0.19153613;0.32561144;9.576807
293194081538255;-0.61291564;0.05746084;9.634268
293194086542942;-0.545878;-0.038307227;9.586384
293194091549192;0.18195933;0.1340753;9.662998
293194096522630;0.8523358;0.25857377;9.758766
293194101528880;0.89064306;0.2873042;9.988609
293194106533567;0.60333884;0.1340753;10.266336
293194111539817;0.05746084;0.22984336;10.28549
293194116546067;-0.08619126;0.4309563;9.720459
293194121519505;-0.16280572;0.46926352;9.337387
293194126525755;-0.1436521;0.49799395;9.423578
293194131530442;0.019153614;0.30645782;9.921572
293194136536692;0.29688102;0.2681506;10.103531
293194141541380;0.6895301;0.32561144;9.758766
293194146547630;0.6703765;0.23942018;9.404425
293194151521067;0.1436521;0.019153614;9.816227
293194156527317;-0.1340753;0.047884032;10.266336
293194161532005;-0.12449849;0.16280572;10.362105
293194166538255;0.36391866;0.45010993;9.662998
293194171544505;0.4213795;0.51714754;9.835381
293194176549192;0.12449849;0.45010993;9.883265
293194181524192;-0.12449849;0.40222588;9.931149
293194186528880;-0.08619126;0.23942018;9.605537
293194191533567;0.1340753;0.1436521;9.548077
293194196539817;0.2777274;0.18195933;9.835381
293194201546067;0.4309563;0.11492168;10.0269165
293194206521067;0.40222588;0.2873042;10.04607
293194211525755;0.38307226;0.22026655;10.036493
293194216532005;0.25857377;0.24899697;10.093954
293194221536692;0.076614454;0.32561144;9.921572
293194226542942;-0.019153614;0.41180268;9.548077
293194231547630;-0.06703765;0.4213795;9.595961
293194236522630;-0.009576807;0.17238252;9.864111
293194241527317;0.18195933;0.1436521;9.873688
293194246532005;0.49799395;0.22984336;9.931149
293194251538255;0.5363012;0.20111294;9.931149
293194256544505;0.2777274;0.10534488;9.959879
293194261549192;0.076614454;0.18195933;10.141838
293194266524192;-0.047884032;0.35434186;9.959879
293194271530442;0.076614454;0.4405331;9.797073
293194276535130;0.17238252;0.47884035;9.816227
293194281541380;0.10534488;0.38307226;9.672575
293194286547630;0.06703765;0.23942018;9.768343
293194291521067;0.17238252;0.18195933;9.749189
293194296525755;0.32561144;0.047884032;9.844957
293194301530442;0.4405331;0.11492168;9.768343
293194306538255;0.40222588;0.1340753;9.940725
293194311542942;0.22984336;0.16280572;9.931149
293194316549192;0.15322891;0.30645782;10.01734
293194321522630;0.06703765;0.41180268;9.825804
293194326528880;0.05746084;0.41180268;9.854534
293194331533567;0.009576807;0.34476504;9.662998
293194336539817;0.02873042;0.24899697;9.80665
293194341544505;0.1436521;0.10534488;9.854534
293194346519505;0.22026655;0.11492168;9.969456
293194351524192;0.47884035;0.19153613;9.854534
293194356530442;0.4213795;0.20111294;9.921572
293194361536692;0.23942018;0.19153613;9.892841
293194366541380;0.0;0.24899697;9.9790325
293194371547630;0.038307227;0.38307226;9.854534
293194376521067;0.06703765;0.37349546;9.749189
293194381527317;0.17238252;0.37349546;9.720459
293194386532005;0.095768064;0.25857377;9.844957
293194391538255;0.20111294;0.1436521;9.911995
293194396542942;0.32561144;0.1340753;9.835381
293194401549192;0.40222588;0.22026655;9.854534
293194406522630;0.30645782;0.2777274;9.911995
293194411528880;0.22026655;0.22984336;10.007763
293194416533567;0.16280572;0.2681506;9.950302
293194421539817;0.08619126;0.4309563;9.844957
293194426546067;0.11492168;0.33518824;9.749189
293194431519505;0.16280572;0.30645782;9.768343
293194436525755;0.16280572;0.2777274;9.825804
293194441530442;0.16280572;0.16280572;9.816227
293194446536692;0.2873042;0.10534488;9.940725
293194451541380;0.38307226;0.20111294;9.911995
293194456547630;0.29688102;0.23942018;9.931149
293194461522630;0.25857377;0.2873042;9.883265
293194466527317;0.076614454;0.33518824;9.902418
293194471533567;0.02873042;0.23942018;9.844957
293194476538255;0.095768064;0.30645782;9.768343
293194481544505;0.19153613;0.2873042;9.77792
293194486549192;0.23942018;0.2873042;9.844957
293194491524192;0.22026655;0.1340753;9.959879
293194496528880;0.31603462;0.12449849;9.950302
293194501535130;0.36391866;0.25857377;9.911995
293194506539817;0.36391866;0.2681506;9.988609
293194511546067;0.24899697;0.2873042;9.940725
293194516521067;0.05746084;0.30645782;10.01734
293194521525755;-0.019153614;0.29688102;9.835381
293194526532005;0.11492168;0.30645782;9.80665
293194531536692;0.16280572;0.23942018;9.80665
293194536542942;0.21068975;0.22026655;9.864111
293194541547630;0.19153613;0.12449849;9.921572
293194546522630;0.19153613;0.15322891;9.921572
293194551527317;0.2777274;0.22984336;9.988609
293194556533567;0.25857377;0.25857377;9.940725
293194561538255;0.1436521;0.33518824;9.883265
293194566544505;0.12449849;0.29688102;9.883265
293194571519505;0.2681506;0.17238252;9.787497
293194576525755;0.2681506;0.17238252;9.787497
293194581530442;0.2681506;0.17238252;9.787497
293194586535130;0.2681506;0.17238252;9.787497
293194591541380;0.25857377;0.1436521;9.883265
293194596547630;0.18195933;0.21068975;9.969456
293194601521067;0.23942018;0.21068975;9.9790325
293194606525755;0.22984336;0.34476504;9.883265
293194611532005;0.19153613;0.35434186;9.873688
293194616538255;0.038307227;0.33518824;9.873688
293194621542942;0.11492168;0.2873042;9.883265
293194626549192;0.19153613;0.30645782;9.854534
293194631522630;0.25857377;0.2777274;9.854534
293194636528880;0.35434186;0.21068975;9.883265
293194641533567;0.23942018;0.23942018;9.9790325
293194646539817;0.22984336;0.23942018;9.883265
293194651544505;0.24899697;0.25857377;9.940725
293194656519505;0.22026655;0.22026655;9.911995
293194661525755;0.16280572;0.2873042;9.80665
293194666530442;0.047884032;0.35434186;9.854534
293194671536692;0.08619126;0.20111294;9.749189
293194676541380;0.10534488;0.2777274;9.80665
293194681547630;0.22026655;0.18195933;9.80665
293194686524192;0.2873042;0.17238252;9.892841
293194691527317;0.2681506;0.21068975;9.940725
293194696532005;0.21068975;0.24899697;9.940725
293194701538255;0.22984336;0.22984336;9.9790325
293194706542942;0.15322891;0.30645782;9.854534
293194711592942;0.12449849;0.2873042;9.77792
293194716522630;0.095768064;0.2873042;9.797073
293194721528880;0.15322891;0.24899697;9.80665
293194726533567;0.21068975;0.19153613;9.931149
293194731539817;0.30645782;0.18195933;9.854534
293194736546067;0.25857377;0.17238252;9.80665
293194741519505;0.31603462;0.20111294;10.036493
293194746525755;0.25857377;0.23942018;9.950302
293194751530442;0.21068975;0.21068975;9.892841
293194756536692;0.10534488;0.23942018;9.940725
293194761541380;0.17238252;0.38307226;9.835381
293194766547630;0.1340753;0.30645782;9.797073
293194771522630;0.24899697;0.33518824;9.816227
293194776527317;0.24899697;0.22984336;9.902418
293194781532005;0.29688102;0.15322891;9.931149
293194786538255;0.2681506;0.095768064;9.864111
293194791544505;0.2681506;0.22026655;9.892841
293194796549192;0.22026655;0.30645782;9.940725
293194801524192;0.11492168;0.2777274;9.940725
293194806530442;0.1340753;0.2681506;9.864111
293194811535130;0.076614454;0.2681506;9.787497
293194816541380;0.15322891;0.2777274;9.787497
293194821546067;0.15322891;0.19153613;9.768343
293194826521067;0.20111294;0.21068975;9.844957
293194831525755;0.2777274;0.17238252;9.921572
293194836532005;0.30645782;0.22984336;9.940725
293194841536692;0.29688102;0.30645782;9.940725
293194846542942;0.21068975;0.29688102;9.940725
293194851547630;0.16280572;0.29688102;9.902418
293194856522630;0.08619126;0.29688102;9.921572
293194861527317;0.1340753;0.31603462;9.873688
293194866533567;0.10534488;0.22984336;9.80665
293194871539817;0.21068975;0.23942018;9.844957
293194876544505;0.25857377;0.19153613;9.864111
293194881519505;0.29688102;0.15322891;9.950302
293194886525755;0.24899697;0.22026655;9.940725
293194891530442;0.31603462;0.23942018;9.931149
293194896535130;0.19153613;0.29688102;9.873688
293194901541380;0.1340753;0.2681506;9.892841
293194906546067;0.095768064;0.29688102;9.921572
293194911521067;0.12449849;0.30645782;9.835381
293194916525755;0.19153613;0.2681506;9.854534
293194921532005;0.23942018;0.20111294;9.720459
293194926538255;0.22026655;0.20111294;9.911995
293194931542942;0.22026655;0.22026655;9.835381
293194936549192;0.35434186;0.21068975;9.921572
293194941522630;0.22026655;0.25857377;9.950302
293194946528880;0.12449849;0.29688102;9.921572
293194951533567;0.10534488;0.34476504;9.825804
293194956539817;0.10534488;0.30645782;9.854534
293194961546067;0.06703765;0.24899697;9.864111
293194966519505;0.25857377;0.23942018;9.710882
293194971525755;0.25857377;0.22984336;9.892841
293194976530442;0.25857377;0.17238252;9.950302
293194981536692;0.23942018;0.22984336;9.883265
293194986541380;0.12449849;0.21068975;9.854534
293194991547630;0.22984336;0.29688102;9.883265
293194996521067;0.10534488;0.29688102;9.892841
293195001527317;0.15322891;0.30645782;9.911995
293195006532005;0.17238252;0.25857377;9.864111
293195011538255;0.1340753;0.2681506;9.892841
293195016542942;0.25857377;0.20111294;9.892841
293195021549192;0.23942018;0.12449849;9.825804
293195026524192;0.31603462;0.18195933;9.931149
293195031528880;0.2681506;0.22984336;9.959879
293195036535130;0.16280572;0.32561144;9.892841
293195041539817;0.17238252;0.2681506;9.883265
293195046546067;0.1340753;0.35434186;9.902418
293195051521067;0.06703765;0.2873042;9.835381
293195056524192;0.095768064;0.29688102;9.902418
293195061532005;0.17238252;0.2777274;9.749189
293195066536692;0.24899697;0.2873042;9.739613
293195071542942;0.2777274;0.21068975;9.969456
293195076547630;0.2777274;0.21068975;9.969456
293195081522630;0.19153613;0.2681506;9.921572
293195086527317;0.2681506;0.29688102;9.816227
293195091533567;0.15322891;0.34476504;9.883265
293195096538255;0.21068975;0.2873042;9.892841
293195101544505;0.095768064;0.24899697;9.921572
293195106549192;0.17238252;0.2873042;9.80665
293195111524192;0.15322891;0.21068975;9.864111
293195116528880;0.30645782;0.22984336;9.844957
293195121535130;0.25857377;0.19153613;9.873688
293195126541380;0.2681506;0.22984336;9.835381
293195131546067;0.23942018;0.22984336;9.892841
293195136521067;0.23942018;0.21068975;9.950302
293195141525755;0.1436521;0.25857377;9.873688
293195146532005;0.1436521;0.30645782;9.864111
293195151536692;0.19153613;0.24899697;9.931149
293195156542942;0.20111294;0.23942018;9.80665
293195161547630;0.19153613;0.19153613;9.77792
293195166522630;0.24899697;0.22026655;9.873688
293195171528880;0.2873042;0.19153613;9.921572
293195176533567;0.21068975;0.22026655;9.883265
293195181539817;0.18195933;0.22026655;9.892841
293195186544505;0.22984336;0.33518824;9.911995
293195191519505;0.16280572;0.33518824;9.873688
293195196524192;0.076614454;0.29688102;9.864111
293195201528880;0.21068975;0.2777274;9.787497
293195206535130;0.20111294;0.31603462;9.80665
293195211541380;0.24899697;0.17238252;9.844957
293195216546067;0.31603462;0.32561144;9.902418
293195221521067;0.2681506;0.21068975;9.950302
293195226525755;0.23942018;0.24899697;9.911995
293195231532005;0.20111294;0.23942018;9.864111
293195236538255;0.10534488;0.30645782;9.931149
293195241542942;0.1340753;0.25857377;9.825804
293195246549192;0.18195933;0.2777274;9.854534
293195251522630;0.1436521;0.19153613;9.825804
293195256528880;0.20111294;0.19153613;9.835381
293195261533567;0.20111294;0.19153613;9.892841
293195266539817;0.30645782;0.15322891;9.959879
293195271546067;0.2873042;0.2777274;9.873688
293195276519505;0.24899697;0.21068975;9.911995
293195281524192;0.20111294;0.33518824;9.816227
293195286530442;0.16280572;0.23942018;9.892841
293195291536692;0.15322891;0.23942018;9.911995
293195296541380;0.17238252;0.30645782;9.873688
293195301547630;0.20111294;0.15322891;9.80665
293195306521067;0.25857377;0.23942018;9.883265
293195311527317;0.23942018;0.24899697;9.883265
293195316532005;0.25857377;0.2777274;9.844957
293195321538255;0.19153613;0.2873042;9.873688
293195326544505;0.22026655;0.20111294;9.873688
293195331549192;0.15322891;0.22984336;9.864111
293195336524192;0.11492168;0.22984336;9.931149
293195341528880;0.15322891;0.30645782;9.844957
293195346535130;0.095768064;0.2777274;9.768343
293195351541380;0.23942018;0.25857377;9.844957
293195356546067;0.2777274;0.2873042;9.969456
293195361521067;0.32561144;0.23942018;9.844957
293195366524192;0.25857377;0.24899697;9.844957
293195371532005;0.20111294;0.22026655;9.969456
293195376536692;0.22984336;0.22984336;9.921572
293195381542942;0.095768064;0.22984336;9.969456
293195386549192;0.095768064;0.20111294;9.80665
293195391521067;0.17238252;0.16280572;9.864111
293195396527317;0.17238252;0.12449849;9.950302
293195401533567;0.22984336;0.22026655;9.931149
293195406539817;0.18195933;0.22026655;9.892841
293195411544505;0.2777274;0.22026655;9.873688
293195416549192;0.21068975;0.30645782;9.921572
293195421524192;0.15322891;0.22026655;9.873688
293195426528880;0.15322891;0.30645782;9.902418
293195431535130;0.21068975;0.35434186;9.77792
293195436541380;0.18195933;0.2873042;9.864111
293195441546067;0.30645782;0.30645782;9.854534
293195446521067;0.17238252;0.19153613;9.902418
293195451525755;0.18195933;0.2681506;9.969456
293195456530442;0.22026655;0.1436521;9.854534
293195461536692;0.19153613;0.16280572;9.892841
293195466542942;0.1340753;0.08619126;9.816227
293195471549192;0.11492168;0.20111294;9.911995
293195476522630;0.1436521;0.20111294;9.911995
293195481528880;0.1436521;0.29688102;9.950302
293195486533567;0.19153613;0.33518824;9.797073
293195491539817;0.22984336;0.37349546;9.892841
293195496544505;0.25857377;0.29688102;9.959879
293195501519505;0.23942018;0.24899697;9.950302
293195506524192;0.33518824;0.18195933;9.854534
293195511528880;0.21068975;0.19153613;9.892841
293195516535130;0.20111294;0.2873042;9.864111
293195521541380;0.20111294;0.25857377;9.911995
293195526547630;0.18195933;0.30645782;9.892841
293195531521067;0.06703765;0.32561144;9.9790325
293195536527317;0.10534488;0.21068975;9.883265
293195541532005;0.16280572;0.24899697;9.854534
293195546538255;0.22984336;0.23942018;9.797073
293195551542942;0.21068975;0.18195933;9.892841
293195556549192;0.20111294;0.22026655;9.921572
293195561522630;0.16280572;0.24899697;9.873688
293195566528880;0.2777274;0.25857377;9.844957
293195571535130;0.2873042;0.2873042;9.80665
293195576539817;0.2873042;0.2873042;9.80665
293195581546067;0.2873042;0.2873042;9.80665
293195586521067;0.2873042;0.2873042;9.80665
293195591569505;0.18195933;0.2681506;9.768343
293195596558567;0.19153613;0.29688102;9.816227
293195601535130;0.17238252;0.22984336;9.931149
293195606541380;0.22026655;0.25857377;9.864111
293195611547630;0.19153613;0.33518824;9.844957
293195616521067;0.24899697;0.2681506;9.902418
293195621527317;0.25857377;0.33518824;9.749189
293195626532005;0.20111294;0.19153613;9.873688
293195631538255;0.22026655;0.08619126;9.940725
293195636542942;0.22984336;0.2777274;9.883265
293195641549192;0.22026655;0.22026655;9.844957
293195646524192;0.18195933;0.32561144;9.835381
293195651528880;0.21068975;0.29688102;9.959879
293195656535130;0.11492168;0.25857377;9.950302
293195661539817;0.17238252;0.2873042;9.921572
293195666546067;0.18195933;0.31603462;9.80665
293195671521067;0.10534488;0.36391866;9.883265
293195676525755;0.1436521;0.21068975;9.969456
293195681530442;0.1340753;0.1436521;9.959879
293195686538255;0.17238252;0.1340753;9.959879
293195691542942;0.24899697;0.21068975;9.921572
293195696547630;0.2681506;0.24899697;9.80665
293195701522630;0.2873042;0.22984336;9.787497
293195706527317;0.22026655;0.21068975;9.825804
293195711533567;0.21068975;0.2873042;9.80665
293195716538255;0.24899697;0.2777274;9.816227
293195721544505;0.18195933;0.25857377;9.864111
293195726550755;0.22026655;0.22984336;9.873688
293195731524192;0.1436521;0.30645782;10.01734
293195736528880;0.15322891;0.2777274;9.911995
293195741535130;0.17238252;0.22984336;9.816227
293195746541380;0.1436521;0.2777274;9.797073
293195751546067;0.095768064;0.18195933;9.911995
293195756521067;0.20111294;0.21068975;9.911995
293195761525755;0.25857377;0.22984336;9.80665
293195766532005;0.30645782;0.19153613;9.892841
293195771538255;0.2777274;0.20111294;9.892841
293195776542942;0.2777274;0.24899697;9.854534
293195781549192;0.15322891;0.1340753;9.892841
293195786522630;0.1340753;0.23942018;9.892841
293195791528880;0.16280572;0.33518824;9.854534
293195796533567;0.16280572;0.29688102;9.911995
293195801539817;0.2777274;0.19153613;9.950302
293195806544505;0.17238252;0.2681506;9.931149
293195811519505;0.18195933;0.2777274;9.921572
293195816524192;0.24899697;0.18195933;9.80665
293195821530442;0.19153613;0.11492168;9.844957
293195826536692;0.20111294;0.19153613;9.787497
293195831541380;0.20111294;0.16280572;9.911995
293195836547630;0.2777274;0.22026655;9.931149
293195841521067;0.30645782;0.2681506;9.902418
293195846525755;0.12449849;0.46926352;8.561666
293195851532005;0.7757214;-0.1436521;10.496181
293195856538255;-0.5554548;0.59376204;10.228029
293195861542942;0.17238252;0.19153613;9.825804
293195866549192;0.50757074;0.61291564;9.519346
293195871522630;0.22026655;0.18195933;9.710882
293195876528880;0.1436521;0.1436521;10.342952
293195881533567;0.36391866;0.02873042;10.103531
293195886539817;0.2873042;0.25857377;9.595961
293195891546067;0.51714754;0.1436521;9.787497
293195896519505;0.29688102;0.2777274;10.065224
293195901524192;0.20111294;0.1436521;9.844957
293195906530442;0.095768064;0.32561144;9.921572
293195911536692;0.0;0.4405331;9.682152
293195916541380;-0.095768064;0.6703765;9.950302
293195921547630;-0.34476504;0.7278373;9.911995
293195926521067;-0.30645782;0.61291564;9.749189
293195931527317;0.05746084;0.22026655;9.77792
293195936532005;0.35434186;0.076614454;10.007763
293195941538255;0.5363012;0.0;9.787497
293195946544505;0.7469909;0.02873042;9.816227
293195951549192;0.7182605;-0.05746084;9.80665
293195956524192;0.45968673;0.12449849;9.931149
293195961528880;0.25857377;0.1340753;9.988609
293195966535130;0.0;0.30645782;9.77792
