474278591695026;-0.009576807;-0.05746084;9.892841
474278596668463;0.047884032;-0.16280572;9.825804
474278601674713;0.0;-0.17238252;9.80665
474278606679401;0.047884032;-0.17238252;9.825804
474278611687213;0.047884032;-0.095768064;9.80665
474278616691901;0.05746084;-0.11492168;9.80665
474278621698151;0.095768064;-0.10534488;9.768343
474278626671588;0.05746084;-0.1340753;9.835381
474278631676276;0.047884032;-0.08619126;9.768343
474278636680963;-0.009576807;-0.1436521;9.844957
474278641687213;0.076614454;-0.16280572;9.816227
474278646693463;-0.019153614;-0.08619126;9.77792
474278651699713;0.038307227;-0.095768064;9.844957
474278656673151;0.009576807;-0.12449849;9.835381
474278661679401;0.038307227;-0.12449849;9.816227
474278666684088;0.05746084;-0.076614454;9.825804
474278671690338;0.05746084;-0.16280572;9.797073
474278676696588;0.06703765;-0.047884032;9.835381
474278681670026;-0.019153614;-0.038307227;9.883265
474278686674713;0.11492168;-0.18195933;9.768343
474278691680963;0.02873042;-0.1436521;9.854534
474278696687213;0.05746084;-0.10534488;9.864111
474278701691901;0.019153614;-0.06703765;9.892841
474278706698151;0.047884032;-0.08619126;9.80665
474278711671588;0.038307227;-0.095768064;9.816227
474278716677838;0.02873042;-0.1340753;9.787497
474278721682526;0.12449849;-0.1340753;9.758766
474278726688776;0.076614454;-0.11492168;9.758766
474278731695026;0.019153614;-0.12449849;9.768343
474278736668463;0.11492168;-0.10534488;9.758766
474278741673151;0.047884032;-0.10534488;9.854534
474278746679401;0.076614454;-0.11492168;9.730036
474278751685651;0.08619126;-0.1340753;9.730036
474278756690338;0.08619126;-0.08619126;9.873688
474278761696588;0.076614454;-0.11492168;9.835381
474278766670026;0.047884032;-0.17238252;9.80665
474278771676276;0.019153614;-0.11492168;9.797073
474278776680963;0.06703765;-0.038307227;9.816227
474278781687213;0.02873042;-0.06703765;9.768343
474278786693463;0.009576807;-0.076614454;9.844957
474278791698151;0.0;-0.038307227;9.883265
474278796673151;0.08619126;-0.06703765;9.758766
474278801677838;0.0;-0.076614454;9.902418
474278806684088;0.05746084;-0.095768064;9.825804
474278811688776;0.019153614;-0.12449849;9.873688
474278816695026;0.076614454;-0.06703765;9.835381
474278821668463;0.06703765;-0.11492168;9.844957
474278826674713;0.05746084;-0.095768064;9.77792
474278831679401;0.06703765;-0.095768064;9.797073
474278836685651;0.076614454;-0.12449849;9.835381
474278841691901;0.047884032;-0.11492168;9.844957
474278846698151;0.076614454;-0.12449849;9.797073
474278851671588;0.047884032;-0.10534488;9.797073
474278856677838;0.038307227;-0.15322891;9.825804
474278861682526;0.06703765;-0.19153613;9.758766
474278866688776;0.038307227;-0.12449849;9.80665
474278871693463;0.047884032;-0.076614454;9.77792
474278876698151;0.076614454;-0.1340753;9.854534
474278881673151;0.038307227;-0.095768064;9.816227
474278886677838;0.02873042;-0.1340753;9.835381
474278891684088;0.10534488;-0.10534488;9.873688
474278896688776;0.038307227;-0.095768064;9.825804
474278901695026;0.05746084;-0.08619126;9.77792
474278906670026;0.02873042;-0.11492168;9.80665
474278911674713;0.08619126;-0.16280572;9.768343
474278916680963;0.047884032;-0.08619126;9.730036
474278921687213;0.019153614;-0.05746084;9.797073
474278926691901;0.08619126;-0.16280572;9.80665
474278931696588;0.009576807;-0.10534488;9.749189
474278936677838;0.06703765;-0.11492168;9.873688
474278941677838;0.038307227;-0.11492168;9.835381
474278946682526;0.08619126;-0.06703765;9.835381
474278951688776;0.009576807;-0.11492168;9.758766
474278956695026;0.05746084;-0.17238252;9.797073
474278961699713;0.06703765;-0.095768064;9.854534
474278966674713;0.076614454;-0.17238252;9.797073
474278971679401;0.02873042;-0.11492168;9.80665
474278976685651;0.047884032;-0.1436521;9.80665
474278981690338;0.08619126;-0.10534488;9.911995
474278986696588;0.05746084;-0.08619126;9.864111
474278991670026;-0.009576807;-0.05746084;9.816227
474278996676276;0.076614454;-0.08619126;9.873688
474279001680963;0.06703765;-0.12449849;9.864111
474279006687213;0.02873042;-0.076614454;9.864111
474279011691901;0.038307227;-0.02873042;9.854534
474279016698151;-0.009576807;-0.17238252;9.883265
474279021673151;0.0;-0.10534488;9.844957
474279026677838;0.10534488;-0.06703765;9.844957
474279031682526;0.06703765;-0.12449849;9.758766
474279036688776;0.02873042;-0.10534488;9.758766
474279041695026;0.047884032;-0.095768064;9.892841
474279046668463;-0.019153614;-0.076614454;9.749189
474279051674713;0.05746084;-0.10534488;9.77792
474279056679401;0.095768064;-0.1436521;9.797073
474279061685651;0.05746084;-0.095768064;9.797073
474279066691901;0.05746084;-0.08619126;9.749189
474279071696588;0.009576807;-0.10534488;9.768343
474279076670026;0.06703765;-0.05746084;9.80665
474279081676276;0.0;-0.06703765;9.825804
474279086680963;0.038307227;-0.10534488;9.835381
474279091688776;0.02873042;-0.11492168;9.892841
474279096693463;0.047884032;-0.08619126;9.816227
474279101698151;0.05746084;-0.095768064;9.844957
474279106673151;-0.019153614;-0.10534488;9.844957
474279111677838;0.038307227;-0.18195933;9.844957
474279116684088;0.038307227;-0.1340753;9.921572
474279121690338;0.05746084;-0.10534488;9.816227
474279126695026;0.0;-0.076614454;9.854534
474279131670026;0.019153614;-0.1436521;9.816227
474279136674713;0.08619126;-0.1340753;9.758766
474279141679401;-0.009576807;-0.009576807;9.816227
474279146685651;0.08619126;-0.1436521;9.854534
474279151691901;0.047884032;-0.047884032;9.873688
474279156698151;0.05746084;-0.1340753;9.844957
474279161671588;0.06703765;-0.08619126;9.883265
474279166677838;0.02873042;-0.08619126;9.825804
474279171682526;0.08619126;-0.1340753;9.844957
474279176688776;0.019153614;-0.16280572;9.854534
474279181693463;0.076614454;-0.08619126;9.77792
474279186699713;0.06703765;-0.12449849;9.797073
474279191673151;0.038307227;-0.18195933;9.844957
474279196677838;0.047884032;-0.076614454;9.892841
474279201684088;0.06703765;-0.06703765;9.77792
474279206690338;0.047884032;-0.076614454;9.864111
474279211695026;0.05746084;-0.08619126;9.854534
474279216670026;0.05746084;-0.10534488;9.787497
474279221674713;0.019153614;-0.08619126;9.854534
474279226680963;0.047884032;-0.11492168;9.825804
474279231687213;0.019153614;-0.10534488;9.787497
474279236691901;0.047884032;-0.047884032;9.873688
474279241698151;0.009576807;-0.08619126;9.854534
474279246671588;0.038307227;-0.1340753;9.80665
474279251677838;0.05746084;-0.11492168;9.854534
474279256682526;0.0;-0.076614454;9.77792
474279261688776;0.0;-0.08619126;9.873688
474279266695026;0.02873042;-0.076614454;9.825804
474279271668463;0.06703765;-0.1340753;9.864111
474279276673151;0.019153614;-0.06703765;9.825804
474279281677838;0.02873042;-0.06703765;9.768343
474279286684088;0.009576807;-0.047884032;9.864111
474279291690338;0.009576807;-0.16280572;9.80665
474279296696588;0.047884032;-0.11492168;9.873688
474279301670026;0.019153614;-0.095768064;9.835381
474279306676276;0.009576807;-0.076614454;9.768343
474279311680963;0.076614454;-0.08619126;9.873688
474279316687213;0.095768064;-0.06703765;9.835381
474279321693463;0.076614454;-0.11492168;9.739613
474279326698151;0.02873042;-0.12449849;9.883265
474279331671588;0.05746084;-0.08619126;9.892841
474279336677838;0.038307227;-0.1340753;9.873688
474279341682526;0.11492168;-0.05746084;9.844957
474279346688776;0.11492168;-0.02873042;9.883265
474279351695026;0.019153614;-0.11492168;9.835381
474279356668463;0.05746084;-0.21068975;9.844957
474279361674713;0.02873042;-0.12449849;9.844957
474279366679401;0.02873042;-0.05746084;9.854534
474279371685651;0.0;-0.047884032;9.77792
474279376691901;0.038307227;-0.16280572;9.77792
474279381696588;0.019153614;-0.08619126;9.816227
474279386671588;0.05746084;-0.1340753;9.816227
474279391676276;0.047884032;-0.1436521;9.80665
474279396680963;0.02873042;-0.12449849;9.749189
474279401688776;0.038307227;-0.10534488;9.902418
474279406693463;0.06703765;-0.12449849;9.844957
474279411698151;0.05746084;-0.02873042;9.854534
474279416673151;0.047884032;-0.12449849;9.844957
474279421677838;0.05746084;-0.08619126;9.883265
474279426684088;0.02873042;-0.08619126;9.816227
474279431688776;0.038307227;-0.12449849;9.873688
474279436695026;0.047884032;-0.047884032;9.883265
474279441668463;0.038307227;-0.10534488;9.758766
474279446674713;0.047884032;-0.1340753;9.80665
474279451679401;0.019153614;-0.10534488;9.844957
474279456685651;0.019153614;-0.047884032;9.80665
474279461691901;0.095768064;-0.095768064;9.864111
474279466696588;0.038307227;-0.10534488;9.864111
474279471671588;0.0;-0.05746084;9.768343
474279476677838;0.02873042;-0.038307227;9.797073
474279481682526;0.047884032;-0.095768064;9.864111
474279486688776;0.047884032;-0.11492168;9.835381
474279491693463;0.11492168;-0.20111294;9.940725
474279496699713;0.009576807;-0.1340753;9.653421
474279501673151;0.11492168;-0.11492168;9.873688
474279506679401;0.05746084;-0.10534488;9.883265
474279511684088;0.05746084;-0.12449849;9.787497
474279516690338;0.076614454;-0.12449849;9.672575
474279521696588;0.095768064;-0.1340753;9.864111
474279526670026;0.038307227;-0.1340753;9.902418
474279531674713;0.06703765;-0.18195933;9.77792
474279536680963;0.047884032;-0.1436521;9.80665
474279541687213;0.10534488;-0.05746084;9.835381
474279546691901;-0.019153614;-0.11492168;9.768343
474279551696588;0.047884032;-0.076614454;9.787497
474279556671588;0.0;-0.038307227;9.825804
474279561676276;0.076614454;-0.06703765;9.864111
474279566684088;0.05746084;-0.08619126;9.883265
474279571688776;0.02873042;-0.1436521;9.873688
474279576695026;0.15322891;-0.12449849;9.797073
474279581668463;0.009576807;-0.1340753;9.864111
474279586674713;0.1436521;-0.076614454;9.825804
474279591679401;0.05746084;-0.06703765;9.730036
474279596685651;0.076614454;-0.08619126;9.988609
474279601690338;0.05746084;-0.1340753;9.710882
474279606696588;0.10534488;-0.16280572;9.710882
474279611670026;0.047884032;-0.076614454;9.80665
474279616676276;0.019153614;-0.076614454;9.854534
474279621680963;0.019153614;-0.047884032;9.864111
474279626687213;0.038307227;-0.095768064;9.758766
474279631693463;0.11492168;-0.15322891;9.768343
474279636698151;0.009576807;-0.1340753;9.825804
474279641671588;0.05746084;-0.16280572;9.911995
474279646677838;0.019153614;-0.076614454;9.835381
474279651682526;0.1340753;-0.1340753;9.921572
474279656693463;0.05746084;-0.095768064;9.854534
474279661695026;0.038307227;-0.05746084;9.931149
474279666670026;0.038307227;-0.17238252;9.797073
474279671674713;0.047884032;-0.095768064;9.768343
474279676680963;0.02873042;-0.11492168;9.825804
474279681685651;0.047884032;-0.11492168;9.873688
474279686691901;0.12449849;-0.076614454;9.825804
474279691696588;0.02873042;-0.095768064;9.80665
474279696671588;0.009576807;-0.06703765;9.921572
474279701676276;-0.019153614;-0.038307227;9.883265
474279706682526;0.05746084;-0.1340753;9.787497
474279711687213;0.05746084;-0.11492168;9.921572
474279716693463;0.047884032;-0.08619126;9.902418
474279721698151;0.076614454;-0.10534488;9.844957
474279726673151;0.06703765;-0.1340753;9.77792
474279731677838;0.02873042;-0.11492168;9.816227
474279736682526;0.019153614;-0.076614454;9.864111
474279741690338;0.095768064;-0.05746084;9.80665
474279746695026;0.12449849;-0.18195933;9.835381
474279751670026;0.11492168;-0.20111294;9.787497
474279756676276;0.05746084;-0.12449849;9.816227
474279761680963;0.019153614;-0.076614454;9.844957
474279766685651;0.076614454;-0.1340753;9.835381
474279771691901;-0.02873042;-0.11492168;9.835381
474279776698151;0.02873042;-0.076614454;9.854534
474279781671588;0.038307227;-0.076614454;9.787497
474279786677838;-0.02873042;-0.06703765;9.892841
474279791682526;0.095768064;-0.19153613;9.816227
474279796688776;0.02873042;-0.19153613;9.835381
474279801693463;0.10534488;-0.12449849;9.844957
474279806699713;0.047884032;-0.12449849;9.902418
474279811673151;0.11492168;-0.12449849;9.864111
474279816679401;0.047884032;-0.095768064;9.931149
474279821684088;-0.009576807;-0.076614454;9.892841
474279826690338;0.047884032;-0.08619126;9.825804
474279831695026;0.019153614;-0.06703765;9.816227
474279836670026;0.038307227;-0.05746084;9.816227
474279841674713;0.05746084;-0.095768064;9.844957
474279846680963;0.076614454;-0.08619126;9.864111
474279851687213;0.02873042;-0.076614454;9.940725
474279856693463;-0.009576807;-0.1340753;9.864111
474279861698151;0.08619126;-0.095768064;9.758766
474279866673151;0.06703765;-0.17238252;9.797073
474279871676276;0.009576807;-0.076614454;9.873688
474279876682526;0.05746084;-0.1436521;9.787497
474279881688776;0.038307227;-0.1436521;9.816227
474279886695026;0.05746084;-0.15322891;9.739613
474279891668463;0.02873042;-0.11492168;9.844957
474279896674713;0.047884032;-0.11492168;9.797073
474279901679401;0.06703765;-0.05746084;9.864111
474279906685651;0.047884032;-0.047884032;9.80665
474279911690338;0.047884032;-0.076614454;9.864111
474279916696588;0.019153614;-0.06703765;9.844957
474279921670026;0.038307227;-0.12449849;9.80665
474279926676276;0.0;-0.08619126;9.80665
474279931680963;0.02873042;-0.095768064;9.797073
474279936687213;0.038307227;-0.095768064;9.864111
474279941693463;0.047884032;-0.047884032;9.816227
474279946698151;0.02873042;-0.076614454;9.80665
474279951673151;-0.009576807;-0.06703765;9.825804
474279956677838;0.02873042;-0.10534488;9.864111
474279961682526;0.019153614;-0.1436521;9.816227
474279966690338;0.038307227;-0.1436521;9.902418
474279971695026;0.095768064;-0.1436521;9.883265
474279976668463;0.05746084;-0.076614454;9.892841
474279981674713;-0.009576807;-0.10534488;9.77792
474279986679401;0.06703765;-0.095768064;9.864111
474279991685651;0.038307227;-0.1340753;9.797073
474279996691901;0.076614454;-0.11492168;9.854534
474280001696588;0.05746084;-0.10534488;9.80665
474280006671588;0.0;-0.08619126;9.825804
474280011676276;0.019153614;-0.095768064;9.950302
474280016682526;0.02873042;-0.16280572;9.902418
474280021701276;0.02873042;-0.16280572;9.902418
474280026693463;0.05746084;-0.095768064;9.911995
474280031698151;0.038307227;-0.076614454;9.873688
474280036673151;-0.009576807;-0.047884032;9.835381
474280041677838;0.038307227;-0.076614454;9.883265
474280046684088;0.0;-0.047884032;9.825804
474280051690338;0.009576807;-0.02873042;9.9790325
474280056696588;0.047884032;-0.11492168;9.749189
474280061670026;0.05746084;-0.20111294;9.902418
474280066674713;0.038307227;-0.11492168;9.825804
474280071680963;0.076614454;-0.25857377;9.911995
474280076687213;0.05746084;-0.05746084;10.007763
474280081691901;0.02873042;-0.02873042;9.835381
474280086698151;0.095768064;-0.08619126;9.864111
474280091671588;0.05746084;-0.11492168;9.078813
474280096677838;-0.038307227;-0.02873042;10.103531
474280101680963;-0.019153614;-0.095768064;9.682152
474280106688776;0.047884032;-0.05746084;9.5385
474280111693463;0.16280572;-0.15322891;10.247183
474280116699713;0.038307227;-0.05746084;9.461885
474280121673151;0.0;-0.16280572;10.323798
474280126679401;0.038307227;-0.08619126;9.021352
474280131684088;0.038307227;-0.047884032;9.557653
474280136690338;-0.019153614;-0.076614454;10.228029
474280141695026;0.009576807;-0.1340753;8.810662
474280146670026;0.02873042;-0.17238252;10.572795
474280151674713;0.047884032;-0.076614454;9.490616
474280156680963;-0.009576807;-0.1436521;10.228029
474280161687213;0.05746084;-0.05746084;10.189722
474280166693463;0.047884032;-0.019153614;9.5385
474280171698151;0.05746084;-0.24899697;10.295067
474280176671588;0.019153614;-0.076614454;8.743625
474280181677838;-0.019153614;-0.15322891;10.457873
474280186682526;0.076614454;-0.009576807;9.356541
474280191688776;0.076614454;-0.047884032;10.103531
474280196695026;0.095768064;-0.11492168;10.132261
474280201668463;-0.019153614;-0.076614454;10.055647
474280206674713;0.038307227;-0.18195933;10.342952
474280211679401;0.019153614;-0.05746084;8.66701
474280216685651;-0.009576807;-0.1436521;10.448297
474280221691901;0.095768064;-0.11492168;9.184157
474280226696588;0.05746084;-0.06703765;10.132261
474280231670026;0.047884032;0.0;10.170568
474280236676276;0.05746084;-0.12449849;9.557653
474280241682526;-0.076614454;0.038307227;9.739613
474280246688776;0.047884032;-0.1436521;8.7053175
474280251693463;-0.02873042;-0.18195933;10.534488
474280256699713;0.08619126;0.019153614;9.346964
474280261673151;0.08619126;-0.1436521;10.362105
474280266677838;0.12449849;-0.095768064;10.170568
474280271682526;0.076614454;-0.076614454;9.528923
474280276690338;0.06703765;-0.20111294;10.151415
474280281695026;0.009576807;0.02873042;8.90643
474280286670026;0.02873042;-0.15322891;10.486604
474280291674713;0.05746084;-0.05746084;9.337387
474280296680963;0.047884032;-0.21068975;10.477027
474280301685651;0.009576807;-0.1340753;10.0748005
474280306691901;0.02873042;-0.076614454;9.414001
474280311696588;0.02873042;-0.22026655;10.208876
474280316671588;0.05746084;-0.05746084;9.710882
474280321676276;0.019153614;-0.19153613;10.46745
474280326682526;0.08619126;-0.1436521;9.212888
474280331688776;0.08619126;-0.08619126;10.43872
474280336693463;0.019153614;-0.095768064;9.691729
474280341699713;0.047884032;-0.06703765;9.576807
474280346673151;-0.009576807;-0.1436521;10.180145
474280351677838;-0.019153614;-0.019153614;9.030929
474280356684088;0.06703765;-0.22984336;10.611102
474280361690338;0.08619126;-0.076614454;9.461885
474280366696588;0.08619126;-0.19153613;10.342952
474280371668463;0.019153614;-0.047884032;9.749189
474280376676276;0.047884032;-0.076614454;9.854534
474280381680963;0.0;-0.11492168;10.132261
474280386687213;-0.019153614;0.0;9.002198
474280391691901;0.10534488;-0.08619126;10.419566
474280396698151;0.08619126;-0.15322891;9.279925
474280401671588;0.047884032;-0.18195933;10.409989
474280406677838;0.12449849;-0.17238252;9.653421
474280411682526;-0.05746084;-0.18195933;10.323798
474280416688776;0.009576807;-0.18195933;10.160992
474280421693463;-0.047884032;0.02873042;8.963891
474280426699713;0.10534488;-0.24899697;10.6398325
474280431673151;0.11492168;-0.038307227;9.155427
474280436679401;0.05746084;-0.095768064;10.304645
474280441684088;0.095768064;-0.06703765;9.720459
474280446690338;-0.009576807;-0.038307227;9.768343
474280451696588;-0.076614454;-0.12449849;9.931149
474280456670026;0.05746084;-0.047884032;8.954314
474280461674713;0.08619126;-0.31603462;10.658986
474280466680963;0.076614454;-0.02873042;9.32781
474280471687213;0.076614454;-0.12449849;10.400413
474280476691901;0.0;-0.05746084;9.730036
474280481698151;-0.019153614;-0.08619126;9.816227
474280486671588;0.0;-0.11492168;10.0269165
474280491677838;0.02873042;-0.038307227;8.973468
474280496682526;0.076614454;-0.23942018;10.582372
474280501688776;0.15322891;-0.076614454;9.299079
474280506695026;-0.019153614;-0.095768064;10.515334
474280511668463;0.009576807;-0.11492168;9.653421
474280516674713;0.0;-0.15322891;9.77792
474280521680963;-0.009576807;-0.11492168;9.988609
474280526684088;0.06703765;-0.1436521;9.222465
474280531690338;0.095768064;-0.15322891;10.611102
474280536696588;0.17238252;-0.047884032;9.270349
474280541670026;0.047884032;-0.22026655;10.247183
474280546676276;0.05746084;0.0;9.701305
474280551680963;-0.009576807;-0.05746084;9.892841
474280556687213;-0.047884032;-0.047884032;9.950302
474280561693463;0.12449849;-0.1436521;10.055647
474280566698151;0.05746084;-0.2681506;10.611102
474280571673151;0.076614454;-0.1340753;9.222465
474280576677838;0.009576807;-0.17238252;10.563218
474280581682526;0.11492168;-0.11492168;9.126697
474280586690338;-0.009576807;-0.18195933;9.825804
474280591695026;-0.038307227;-0.1436521;10.055647
474280596670026;0.038307227;-0.16280572;10.0748005
474280601674713;0.12449849;-0.22984336;10.67814
474280606680963;0.095768064;-0.095768064;9.222465
474280611685651;0.047884032;-0.15322891;10.486604
474280616691901;-0.019153614;0.0;8.858546
474280621696588;0.019153614;-0.16280572;9.787497
474280626671588;-0.019153614;-0.10534488;10.0269165
474280631676276;0.009576807;-0.009576807;9.299079
474280636682526;0.038307227;-0.08619126;10.170568
474280641687213;0.11492168;-0.06703765;9.212888
474280646693463;0.009576807;-0.10534488;10.515334
474280651699713;0.10534488;-0.10534488;9.222465
474280656673151;-0.038307227;-0.12449849;10.065224
474280661677838;-0.019153614;-0.08619126;9.854534
474280666684088;0.02873042;-0.02873042;9.346964
474280671690338;0.095768064;-0.17238252;10.582372
474280676695026;0.076614454;-0.08619126;9.337387
474280681670026;0.02873042;-0.17238252;10.496181
474280686676276;0.009576807;-0.05746084;9.193734
474280691680963;0.047884032;-0.12449849;10.065224
474280696687213;-0.10534488;0.0;9.797073
474280701691901;0.076614454;-0.08619126;9.375694
474280706698151;0.10534488;-0.21068975;10.620679
474280711671588;-0.009576807;-0.038307227;9.528923
474280716677838;-0.009576807;-0.10534488;10.496181
474280721682526;0.019153614;-0.08619126;9.174581
474280726688776;-0.019153614;-0.08619126;10.055647
474280731693463;0.095768064;-0.08619126;9.356541
474280736680963;0.08619126;-0.21068975;9.212888
474280741673151;0.076614454;-0.22026655;10.620679
474280746679401;0.05746084;0.095768064;9.452309
474280751685651;-0.06703765;-0.10534488;10.228029
474280756690338;0.10534488;-0.10534488;9.605537
474280761696588;0.02873042;-0.11492168;9.835381
474280766671588;0.0;-0.076614454;9.902418
474280771674713;0.076614454;-0.047884032;9.528923
474280776680963;-0.05746084;-0.15322891;10.218452
474280781687213;0.02873042;-0.095768064;9.461885
474280786691901;0.0;-0.10534488;10.113108
474280791698151;0.10534488;-0.12449849;9.950302
474280796673151;0.02873042;-0.019153614;9.749189
474280801677838;0.009576807;-0.08619126;9.931149
474280806684088;0.08619126;-0.047884032;9.710882
474280811688776;0.05746084;-0.10534488;9.921572
474280816695026;0.05746084;-0.17238252;9.844957
474280821668463;0.019153614;-0.076614454;9.710882
474280826673151;0.076614454;-0.076614454;9.864111
474280831679401;0.10534488;-0.15322891;9.768343
474280836685651;0.095768064;-0.1340753;9.854534
474280841691901;0.10534488;-0.12449849;9.864111
474280846696588;0.02873042;-0.02873042;9.825804
474280851671588;0.06703765;-0.11492168;9.883265
474280856676276;0.047884032;-0.05746084;9.758766
474280861680963;0.05746084;-0.10534488;9.77792
474280866687213;0.10534488;-0.1340753;9.835381
474280871691901;0.038307227;-0.06703765;9.835381
474280876699713;0.02873042;-0.19153613;9.902418
474280881673151;0.038307227;-0.10534488;9.911995
474280886679401;0.02873042;-0.095768064;9.758766
474280891682526;0.019153614;-0.12449849;9.892841
474280896688776;0.08619126;-0.10534488;9.758766
474280901695026;0.0;-0.10534488;9.844957
474280906670026;0.019153614;-0.08619126;9.835381
474280911674713;0.095768064;-0.08619126;9.883265
474280916680963;0.10534488;-0.10534488;9.844957
474280921687213;0.06703765;-0.1340753;9.931149
474280926691901;0.047884032;-0.15322891;9.844957
474280931696588;0.02873042;-0.095768064;9.816227
474280936671588;0.019153614;0.0;9.864111
474280941676276;0.047884032;-0.12449849;9.80665
474280946682526;0.038307227;-0.05746084;9.816227
474280951688776;0.076614454;-0.06703765;9.883265
474280956693463;0.076614454;-0.1340753;9.816227
474280961699713;0.06703765;-0.095768064;9.854534
474280966674713;0.038307227;-0.095768064;9.80665
474280971679401;0.019153614;-0.05746084;9.835381
474280976685651;-0.038307227;-0.05746084;9.825804
474280981690338;0.08619126;-0.10534488;9.864111
474280986696588;0.02873042;-0.16280572;9.873688
474280991670026;0.0;-0.11492168;9.864111
474280996674713;0.047884032;-0.15322891;9.787497
474281001680963;0.05746084;-0.16280572;9.825804
474281006685651;0.095768064;-0.095768064;9.940725
474281011691901;0.05746084;-0.11492168;9.883265
474281016696588;0.076614454;-0.095768064;9.825804
474281021671588;0.019153614;-0.047884032;9.797073
474281026677838;0.019153614;-0.08619126;9.883265
474281031682526;0.02873042;-0.1436521;9.892841
474281036688776;0.076614454;-0.10534488;9.854534
474281041693463;0.05746084;-0.11492168;9.835381
474281046668463;0.047884032;-0.10534488;9.835381
474281051673151;0.08619126;-0.06703765;9.835381
474281056679401;0.08619126;-0.095768064;9.844957
474281061685651;0.019153614;-0.12449849;9.80665
474281066690338;0.019153614;-0.08619126;9.816227
474281071696588;0.076614454;-0.10534488;9.797073
474281076671588;0.02873042;-0.1436521;9.883265
474281081676276;0.009576807;-0.1436521;9.854534
474281086680963;0.047884032;-0.08619126;9.854534
474281091687213;0.02873042;-0.06703765;9.883265
474281096693463;0.076614454;-0.08619126;9.883265
474281101698151;0.038307227;-0.19153613;9.749189
474281106673151;0.076614454;-0.18195933;9.80665
474281111677838;0.047884032;-0.038307227;9.864111
474281116684088;0.02873042;-0.11492168;9.825804
474281121688776;0.019153614;-0.009576807;9.864111
474281126695026;0.076614454;-0.1340753;9.940725
474281131668463;0.038307227;-0.1436521;9.844957
474281136674713;0.019153614;-0.06703765;9.816227
474281141679401;0.076614454;-0.02873042;9.864111
474281146685651;0.05746084;-0.11492168;9.854534
474281151690338;-0.009576807;-0.08619126;9.844957
474281156696588;0.038307227;-0.05746084;9.816227
474281161671588;0.095768064;-0.17238252;9.911995
474281166676276;0.047884032;-0.076614454;9.816227
474281171682526;0.009576807;-0.08619126;9.80665
474281176687213;0.0;-0.15322891;9.911995
474281181693463;0.06703765;-0.20111294;9.892841
474281186698151;0.076614454;-0.08619126;9.864111
474281191673151;0.019153614;-0.19153613;9.787497
474281196677838;0.06703765;-0.019153614;9.854534
474281201684088;0.009576807;-0.02873042;9.854534
474281206690338;0.05746084;-0.047884032;9.902418
474281211695026;0.11492168;-0.12449849;9.80665
474281216690338;0.009576807;-0.038307227;9.854534
474281221674713;0.095768064;-0.02873042;9.931149
474281226679401;0.038307227;-0.1340753;9.883265
474281231687213;0.047884032;-0.06703765;9.835381
474281236691901;0.076614454;-0.21068975;9.825804
474281241696588;0.08619126;-0.12449849;9.873688
474281246671588;0.05746084;-0.06703765;9.701305
474281251676276;0.076614454;-0.18195933;9.816227
474281256682526;0.05746084;-0.095768064;9.844957
474281261688776;0.019153614;-0.11492168;9.921572
474281266693463;0.0;-0.1340753;9.911995
474281271699713;0.095768064;-0.10534488;9.844957
474281276673151;0.076614454;-0.20111294;9.787497
474281281679401;0.047884032;-0.10534488;9.825804
474281286684088;-0.019153614;-0.038307227;9.9790325
474281291690338;-0.009576807;-0.047884032;9.921572
474281296696588;0.05746084;-0.11492168;9.864111
474281301670026;0.038307227;-0.1340753;9.931149
474281306676276;0.06703765;-0.12449849;9.911995
474281311680963;0.08619126;-0.076614454;9.911995
474281316687213;0.047884032;-0.15322891;9.902418
474281321691901;0.038307227;-0.1436521;9.844957
474281326698151;0.038307227;-0.17238252;9.854534
474281331671588;0.076614454;-0.12449849;9.787497
474281336677838;0.047884032;-0.1436521;9.873688
474281341682526;-0.019153614;-0.08619126;9.80665
474281346688776;0.047884032;-0.17238252;9.77792
474281351693463;0.08619126;-0.11492168;9.835381
474281356668463;0.06703765;-0.08619126;9.950302
474281361674713;-0.019153614;-0.10534488;9.892841
474281366679401;0.02873042;-0.009576807;9.835381
474281371685651;0.047884032;-0.16280572;9.797073
474281376691901;0.05746084;-0.019153614;9.921572
474281381696588;0.06703765;-0.10534488;9.844957
474281386670026;0.06703765;-0.038307227;9.758766
474281391674713;0.11492168;-0.12449849;9.835381
474281396682526;0.05746084;-0.17238252;9.864111
474281401687213;-0.038307227;-0.047884032;9.921572
474281406691901;0.05746084;-0.08619126;9.902418
474281411698151;0.02873042;-0.019153614;9.854534
474281416673151;0.076614454;-0.10534488;9.720459
474281421677838;0.019153614;-0.18195933;9.797073
474281426684088;0.0;-0.076614454;9.940725
474281431688776;-0.05746084;-0.009576807;9.921572
474281436695026;0.06703765;-0.11492168;9.854534
474281441668463;0.02873042;-0.12449849;9.835381
474281446674713;0.038307227;-0.019153614;9.911995
474281451679401;0.05746084;-0.06703765;9.844957
474281456685651;0.047884032;-0.047884032;9.873688
474281461691901;0.02873042;-0.08619126;9.844957
474281466698151;0.038307227;-0.12449849;9.816227
474281471671588;0.019153614;-0.16280572;9.902418
474281476676276;0.009576807;-0.06703765;9.844957
474281481680963;0.10534488;-0.095768064;9.892841
474281486688776;0.05746084;-0.06703765;9.77792
474281491693463;0.05746084;-0.20111294;9.864111
474281496699713;0.009576807;-0.11492168;9.816227
474281501673151;0.019153614;-0.15322891;9.854534
474281506679401;0.0;-0.05746084;9.921572
474281511684088;0.047884032;-0.15322891;9.816227
474281516690338;0.06703765;-0.08619126;9.835381
474281521696588;0.0;0.009576807;9.873688
474281526670026;0.019153614;-0.18195933;9.758766
474281531674713;0.12449849;-0.1340753;9.921572
474281536680963;0.0;-0.12449849;9.825804
474281541685651;0.019153614;-0.11492168;9.844957
474281546691901;0.047884032;-0.17238252;9.77792
474281551696588;0.047884032;-0.12449849;9.77792
474281556671588;0.06703765;-0.1436521;9.835381
474281561676276;0.06703765;-0.10534488;9.873688
474281566682526;0.047884032;-0.17238252;9.883265
474281571688776;0.10534488;-0.1340753;9.816227
474281576693463;0.08619126;-0.1340753;9.825804
474281581699713;0.047884032;-0.19153613;9.835381
474281586674713;0.08619126;-0.06703765;9.825804
474281591679401;0.047884032;-0.095768064;9.873688
474281596684088;0.02873042;-0.08619126;9.844957
474281601690338;-0.019153614;-0.076614454;9.950302
474281606696588;0.095768064;-0.08619126;9.873688
474281611670026;0.02873042;-0.1340753;9.844957
474281616676276;0.095768064;-0.1340753;9.825804
474281621680963;0.095768064;-0.076614454;9.80665
474281626687213;0.02873042;-0.08619126;9.816227
474281631691901;0.06703765;-0.10534488;9.787497
474281636698151;0.095768064;-0.1436521;9.931149
474281641671588;0.019153614;-0.10534488;9.835381
474281646677838;0.047884032;-0.02873042;9.873688
474281651682526;0.076614454;-0.095768064;9.892841
474281656688776;0.076614454;-0.11492168;9.797073
474281661695026;0.047884032;-0.06703765;9.854534
474281666668463;0.038307227;-0.10534488;9.844957
474281671673151;0.06703765;-0.08619126;9.940725
474281676679401;0.009576807;-0.095768064;9.825804
474281681685651;0.038307227;-0.12449849;9.797073
474281686690338;0.08619126;-0.08619126;9.787497
474281691696588;0.038307227;-0.076614454;9.816227
474281696671588;0.02873042;-0.10534488;9.844957
474281701676276;0.038307227;-0.05746084;9.825804
474281706680963;0.05746084;-0.15322891;9.77792
474281711687213;0.08619126;-0.095768064;9.844957
474281716693463;0.05746084;-0.11492168;9.844957
474281721698151;0.047884032;-0.06703765;9.950302
474281726673151;0.02873042;-0.08619126;9.835381
474281731677838;0.076614454;-0.047884032;9.816227
474281736682526;0.02873042;-0.1340753;9.80665
474281741688776;0.02873042;0.0;9.797073
474281746695026;0.0;0.009576807;9.873688
474281751668463;0.076614454;-0.2681506;9.864111
474281756674713;0.10534488;-0.22984336;9.730036
474281761679401;0.08619126;-0.20111294;9.892841
474281766685651;0.10534488;-0.11492168;9.816227
474281771691901;0.076614454;-0.12449849;9.864111
474281776698151;0.076614454;-0.076614454;9.854534
474281781671588;0.009576807;-0.08619126;9.835381
474281786676276;0.047884032;-0.1340753;9.816227
474281791682526;0.076614454;-0.11492168;9.356541
474281796688776;-0.019153614;-0.11492168;10.103531
474281801693463;-0.019153614;-0.02873042;9.710882
474281806699713;0.11492168;-0.02873042;10.04607
474281811673151;0.12449849;-0.17238252;10.333375
474281816699713;0.12449849;-0.05746084;9.414001
474281821682526;0.009576807;-0.11492168;9.9790325
474281826690338;0.08619126;-0.18195933;8.973468
474281831695026;-0.019153614;-0.095768064;10.113108
474281836670026;0.0;-0.095768064;9.797073
474281841674713;0.11492168;-0.12449849;9.797073
474281846680963;0.22026655;-0.19153613;10.67814
474281851687213;0.11492168;0.0;9.289502
474281856691901;-0.009576807;-0.19153613;10.409989
474281861698151;-0.02873042;0.0;9.021352
474281866671588;-0.038307227;-0.1436521;10.180145
474281871676276;-0.047884032;0.0;9.672575
474281876682526;0.095768064;-0.10534488;9.80665
474281881687213;0.15322891;-0.12449849;10.419566
474281886693463;0.076614454;-0.009576807;9.289502
474281891699713;-0.019153614;-0.16280572;10.43872
474281896673151;0.06703765;-0.05746084;8.992621
474281901679401;-0.06703765;-0.038307227;10.160992
474281906684088;-0.05746084;-0.009576807;9.710882
474281911690338;0.038307227;-0.05746084;9.77792
474281916696588;0.08619126;-0.038307227;9.586384
474281921670026;0.08619126;-0.02873042;9.212888
474281926674713;0.009576807;-0.18195933;10.496181
474281931680963;0.038307227;-0.10534488;8.781932
474281936687213;-0.019153614;-0.076614454;10.362105
474281941691901;0.047884032;-0.038307227;9.825804
474281946698151;0.076614454;-0.1340753;9.854534
474281951671588;0.1340753;-0.12449849;10.352529
474281956677838;0.08619126;-0.02873042;9.433155
474281961682526;0.095768064;-0.15322891;10.448297
474281966688776;0.019153614;-0.11492168;8.829816
474281971695026;-0.019153614;-0.17238252;10.295067
474281976668463;-0.019153614;-0.038307227;9.490616
474281981673151;0.095768064;-0.08619126;9.749189
474281986679401;0.1340753;-0.08619126;10.400413
474281991685651;0.0;-0.06703765;9.873688
474281996690338;-0.009576807;-0.1436521;10.496181
474282001696588;0.095768064;-0.08619126;8.810662
474282006671588;-0.019153614;-0.076614454;10.304645
474282011676276;0.08619126;-0.095768064;9.212888
474282016682526;0.06703765;-0.15322891;9.844957
474282021687213;0.05746084;-0.1340753;10.390836
474282026693463;0.06703765;-0.019153614;9.404425
474282031698151;0.02873042;-0.19153613;10.28549
474282036673151;0.0;-0.05746084;8.858546
474282041677838;-0.019153614;-0.19153613;10.352529
474282046684088;0.095768064;-0.02873042;9.203311
474282051688776;0.06703765;-0.076614454;9.892841
474282056695026;0.08619126;-0.1436521;10.266336
474282061668463;0.05746084;0.009576807;9.442732
474282066674713;-0.009576807;-0.076614454;9.825804
474282071679401;0.009576807;-0.05746084;8.791509
474282076685651;-0.019153614;-0.18195933;10.381259
474282081691901;0.05746084;-0.08619126;9.500193
474282086696588;0.076614454;-0.095768064;10.084377
474282091671588;0.06703765;-0.1340753;10.323798
474282096676276;0.02873042;-0.038307227;9.481039
474282101682526;0.0;-0.1436521;10.323798
474282106688776;0.02873042;-0.06703765;8.848969
474282111693463;-0.019153614;-0.17238252;10.419566
474282116699713;0.047884032;-0.08619126;9.519346
474282121673151;0.038307227;-0.17238252;10.218452
474282126677838;0.10534488;-0.10534488;10.01734
474282131684088;0.076614454;-0.05746084;9.490616
474282136690338;0.076614454;-0.22026655;10.237606
474282141695026;0.019153614;-0.08619126;9.414001
474282146670026;-0.02873042;-0.10534488;10.362105
474282151674713;0.0;-0.076614454;9.452309
474282156680963;0.05746084;-0.06703765;10.160992
474282161687213;0.019153614;-0.15322891;9.050082
474282166691901;0.08619126;-0.038307227;9.356541
474282171698151;0.019153614;-0.23942018;10.266336
474282176673151;0.08619126;-0.06703765;8.829816
474282181676276;0.02873042;-0.2777274;10.5440645
474282186682526;-0.009576807;-0.02873042;9.433155
474282191688776;0.05746084;-0.06703765;10.170568
474282196693463;0.1340753;-0.1340753;9.030929
474282201668463;0.009576807;-0.08619126;9.385271
474282206673151;-0.009576807;-0.21068975;10.314221
474282211679401;0.009576807;-0.08619126;8.7532015
474282216685651;0.1340753;-0.15322891;10.572795
474282221690338;0.05746084;-0.05746084;9.404425
474282226696588;0.11492168;-0.19153613;10.180145
474282231670026;0.06703765;-0.076614454;9.931149
474282236676276;0.009576807;-0.08619126;9.643845
474282241680963;0.06703765;-0.21068975;10.323798
474282246687213;0.019153614;-0.06703765;8.772355
474282251693463;0.02873042;-0.25857377;10.5919485
474282256698151;0.019153614;-0.1340753;9.481039
474282261671588;0.047884032;-0.1340753;10.189722
474282266677838;0.095768064;-0.08619126;9.988609
474282271682526;-0.047884032;-0.1340753;10.189722
474282276688776;0.038307227;-0.18195933;10.228029
474282281695026;0.0;-0.06703765;8.7532015
474282286668463;0.076614454;-0.20111294;10.620679
474282291674713;0.076614454;0.0;9.32781
474282296690338;0.10534488;-0.05746084;10.247183
474282301685651;0.17238252;-0.15322891;9.854534
474282306691901;0.019153614;-0.06703765;9.758766
474282311695026;0.02873042;-0.20111294;10.093954
474282316671588;0.02873042;0.009576807;8.829816
474282321676276;0.019153614;-0.1436521;10.630256
474282326680963;0.076614454;0.009576807;9.3661175
474282331687213;0.06703765;-0.16280572;10.295067
474282336693463;0.095768064;-0.10534488;9.902418
474282341698151;0.076614454;-0.06703765;9.77792
474282346671588;0.019153614;-0.10534488;9.643845
474282351677838;-0.009576807;-0.05746084;8.781932
474282356684088;0.08619126;-0.16280572;10.524911
474282361688776;0.009576807;-0.05746084;9.232041
474282366695026;0.047884032;-0.12449849;10.486604
474282371670026;0.06703765;-0.11492168;9.931149
474282376674713;0.02873042;-0.12449849;9.682152
474282381680963;-0.019153614;-0.12449849;9.988609
474282386687213;0.019153614;0.0;9.165004
474282391691901;0.047884032;-0.20111294;10.601525
474282396696588;0.08619126;0.019153614;9.337387
474282401671588;0.1340753;-0.10534488;10.409989
474282406677838;0.047884032;-0.12449849;9.385271
474282411682526;0.047884032;-0.12449849;9.653421
474282416688776;0.019153614;-0.12449849;10.084377
474282421693463;0.06703765;-0.06703765;9.959879
474282426699713;0.05746084;-0.16280572;10.582372
474282431673151;0.095768064;-0.076614454;9.289502
474282436677838;0.05746084;-0.08619126;10.46745
474282441684088;-0.019153614;-0.019153614;8.839393
474282446690338;0.02873042;-0.08619126;9.730036
474282451695026;0.009576807;-0.095768064;10.055647
474282456670026;0.0;-0.009576807;9.260772
474282461674713;0.12449849;-0.15322891;10.180145
474282466680963;0.1436521;-0.076614454;9.356541
474282471687213;0.076614454;-0.1340753;10.496181
474282476691901;0.019153614;-0.1436521;9.404425
474282481698151;-0.02873042;-0.009576807;9.9790325
474282486673151;-0.009576807;-0.095768064;10.04607
474282491677838;0.009576807;-0.06703765;9.155427
474282496682526;0.08619126;-0.11492168;10.295067
474282501688776;0.08619126;-0.08619126;9.3182335
474282506695026;0.038307227;-0.08619126;10.46745
474282511668463;0.076614454;-0.1436521;9.394848
474282516673151;-0.047884032;-0.08619126;10.409989
474282521679401;0.0;-0.21068975;10.084377
474282526685651;0.06703765;-0.047884032;9.097966
474282531690338;0.11492168;-0.18195933;10.553641
474282536696588;0.095768064;-0.02873042;9.356541
474282541670026;0.047884032;-0.19153613;10.448297
474282546676276;0.10534488;-0.06703765;9.414001
474282551680963;0.05746084;-0.11492168;9.902418
474282556687213;-0.038307227;-0.095768064;9.940725
474282561691901;0.009576807;-0.047884032;9.059659
474282566698151;0.11492168;-0.20111294;10.611102
474282571671588;0.12449849;-0.05746084;9.232041
474282576677838;0.038307227;-0.22026655;10.477027
474282581682526;0.038307227;-0.10534488;9.414001
474282586688776;-0.019153614;-0.06703765;9.969456
474282591695026;0.05746084;-0.076614454;9.452309
474282596670026;0.047884032;-0.009576807;9.11712
474282601674713;0.21068975;-0.22984336;10.620679
474282606679401;0.15322891;-0.06703765;9.155427
474282611685651;0.1340753;-0.20111294;10.25676
474282616691901;0.076614454;-0.1436521;9.672575
474282621696588;0.0;-0.02873042;9.825804
474282626671588;0.019153614;-0.19153613;9.959879
474282631676276;0.06703765;-0.08619126;9.950302
474282636682526;-0.019153614;-0.10534488;10.352529
474282641687213;0.076614454;-0.10534488;9.56723
474282646693463;0.05746084;-0.1340753;10.113108
474282651698151;0.047884032;-0.076614454;9.519346
474282656673151;0.08619126;-0.1436521;9.768343
474282661677838;0.10534488;-0.1340753;10.04607
474282666684088;0.047884032;-0.16280572;9.691729
474282671690338;0.009576807;-0.1436521;9.883265
474282676695026;0.02873042;-0.076614454;9.883265
474282681670026;0.06703765;-0.18195933;9.902418
474282686674713;0.019153614;-0.12449849;9.873688
474282691679401;0.047884032;-0.11492168;9.873688
474282696685651;0.047884032;-0.1340753;9.797073
474282701691901;0.06703765;-0.15322891;9.940725
474282706698151;0.06703765;-0.08619126;9.80665
474282711671588;0.10534488;-0.08619126;9.816227
474282716677838;0.047884032;-0.20111294;9.854534
474282721682526;0.038307227;-0.10534488;9.892841
474282726688776;0.11492168;-0.16280572;9.844957
474282731693463;0.038307227;-0.10534488;9.816227
474282736699713;0.076614454;-0.16280572;9.892841
474282741673151;0.047884032;-0.20111294;9.835381
474282746679401;0.047884032;-0.076614454;9.80665
474282751684088;0.05746084;-0.15322891;9.864111
474282756690338;0.05746084;-0.095768064;9.844957
474282761696588;0.019153614;-0.15322891;9.797073
474282766670026;0.038307227;-0.10534488;9.77792
474282771674713;0.05746084;-0.06703765;9.80665
474282776680963;0.076614454;-0.12449849;9.854534
474282781687213;0.05746084;-0.15322891;9.902418
474282786691901;0.009576807;-0.17238252;9.864111
474282791698151;0.10534488;-0.12449849;9.854534
474282796673151;0.047884032;-0.06703765;9.911995
474282801677838;0.10534488;-0.019153614;9.892841
474282806682526;0.06703765;-0.1340753;9.873688
474282811688776;0.095768064;-0.1436521;9.883265
474282816695026;0.076614454;-0.095768064;9.787497
474282821668463;0.047884032;-0.12449849;9.854534
474282826674713;0.02873042;-0.12449849;9.950302
474282831679401;0.047884032;-0.16280572;9.787497
474282836685651;0.047884032;-0.08619126;9.797073
474282841690338;0.08619126;-0.12449849;9.816227
474282846696588;0.047884032;-0.1436521;9.835381
474282851670026;0.095768064;-0.08619126;9.864111
474282856676276;-0.009576807;-0.11492168;9.883265
474282861680963;0.038307227;-0.1436521;9.816227
474282866687213;0.047884032;-0.12449849;9.902418
474282871691901;0.08619126;-0.15322891;9.844957
474282876698151;0.038307227;-0.16280572;9.892841
474282881673151;0.019153614;-0.18195933;9.883265
474282886677838;0.038307227;-0.12449849;9.892841
474282891684088;0.095768064;-0.08619126;9.825804
474282896688776;0.08619126;-0.20111294;9.816227
474282901695026;-0.038307227;-0.06703765;9.854534
474282906670026;0.05746084;-0.11492168;9.835381
474282911674713;0.038307227;-0.10534488;9.720459
474282916680963;0.038307227;-0.10534488;9.911995
474282921685651;0.009576807;0.0;9.825804
474282926691901;0.06703765;-0.038307227;9.77792
474282931696588;0.02873042;-0.05746084;9.892841
474282936671588;0.038307227;-0.1340753;9.854534
474282941676276;0.009576807;-0.06703765;9.816227
474282946682526;0.076614454;-0.06703765;9.77792
474282951688776;0.038307227;-0.10534488;9.787497
474282956693463;0.08619126;-0.095768064;9.835381
474282961698151;0.05746084;-0.10534488;9.902418
474282966673151;0.038307227;-0.1340753;9.931149
474282971677838;0.0;-0.08619126;9.844957
474282976684088;0.1340753;-0.047884032;9.844957
474282981690338;0.02873042;-0.15322891;9.892841
474282986695026;0.009576807;-0.12449849;9.797073
474282991670026;0.08619126;-0.095768064;9.864111
474282996676276;0.047884032;-0.15322891;9.854534
474283001680963;0.08619126;-0.12449849;9.883265
474283006687213;0.0;-0.095768064;9.787497
474283011691901;0.076614454;-0.1436521;9.797073
474283016698151;0.047884032;-0.095768064;9.892841
474283021691901;0.047884032;-0.095768064;9.892841
474283026677838;0.009576807;-0.05746084;9.835381
474283031682526;-0.02873042;-0.076614454;9.864111
474283036688776;0.076614454;-0.1340753;9.787497
474283041693463;0.05746084;-0.20111294;9.911995
474283046699713;0.019153614;-0.06703765;9.825804
474283051673151;0.047884032;-0.16280572;9.844957
474283056677838;0.019153614;-0.15322891;9.77792
474283061684088;0.12449849;-0.11492168;9.80665
474283066690338;0.05746084;-0.12449849;9.873688
474283071695026;0.047884032;-0.1436521;9.864111
474283076670026;0.095768064;-0.06703765;9.873688
474283081676276;0.047884032;-0.12449849;9.80665
474283086680963;0.009576807;-0.08619126;9.883265
474283091687213;0.06703765;-0.1340753;9.864111
474283096693463;0.05746084;-0.095768064;9.892841
474283101698151;0.05746084;-0.11492168;9.844957
474283106673151;0.02873042;-0.12449849;9.77792
474283111677838;0.038307227;-0.1340753;9.835381
474283116684088;0.047884032;-0.10534488;9.902418
474283121688776;0.02873042;-0.076614454;9.80665
474283126693463;0.019153614;-0.1340753;9.902418
474283131668463;0.08619126;-0.17238252;9.892841
474283136674713;0.0;-0.1340753;9.816227
474283141679401;0.06703765;-0.095768064;9.825804
474283146685651;0.05746084;-0.06703765;9.854534
474283151690338;0.038307227;-0.19153613;9.787497
474283156696588;0.06703765;-0.17238252;9.844957
474283161670026;0.076614454;-0.095768064;9.835381
474283166676276;0.047884032;-0.11492168;9.80665
474283171680963;0.05746084;-0.038307227;9.940725
474283176687213;0.06703765;-0.11492168;9.873688
474283181693463;0.02873042;-0.076614454;9.864111
474283186698151;0.047884032;-0.12449849;9.911995
474283191673151;0.038307227;-0.16280572;9.844957
474283196679401;0.05746084;-0.11492168;9.883265
474283201682526;0.019153614;-0.08619126;9.844957
474283206690338;0.076614454;-0.15322891;9.816227
474283211695026;0.05746084;-0.12449849;9.931149
474283216670026;0.06703765;-0.1436521;9.864111
474283221674713;0.009576807;-0.1436521;9.80665
474283226680963;0.06703765;-0.095768064;9.873688
474283231687213;0.10534488;-0.06703765;9.787497
474283236691901;0.06703765;-0.095768064;9.864111
474283241696588;0.06703765;-0.06703765;9.873688
474283246671588;0.019153614;-0.05746084;9.873688
474283251676276;0.076614454;-0.12449849;9.883265
474283256682526;0.038307227;-0.06703765;9.844957
474283261687213;0.076614454;-0.047884032;9.883265
474283266691901;-0.019153614;-0.076614454;9.844957
474283271698151;0.076614454;-0.095768064;9.797073
474283276673151;0.019153614;-0.095768064;9.892841
474283281677838;0.076614454;-0.20111294;9.797073
474283286684088;0.12449849;-0.12449849;9.883265
474283291690338;0.0;-0.05746084;9.873688
474283296695026;0.02873042;-0.095768064;9.787497
474283301670026;0.076614454;-0.10534488;9.883265
474283306676276;0.11492168;-0.1436521;9.835381
474283311679401;0.076614454;-0.11492168;9.797073
474283316687213;0.02873042;-0.12449849;9.844957
474283321691901;0.11492168;-0.12449849;9.969456
474283326698151;0.009576807;-0.18195933;9.844957
474283331671588;0.08619126;-0.19153613;9.931149
474283336677838;-0.02873042;-0.16280572;9.864111
474283341682526;-0.038307227;-0.12449849;9.691729
474283346688776;0.019153614;-0.06703765;9.902418
474283351693463;0.06703765;-0.1340753;9.77792
474283356699713;-0.019153614;-0.038307227;9.787497
474283361673151;0.02873042;-0.047884032;9.902418
474283366679401;0.076614454;-0.08619126;9.883265
474283371685651;0.019153614;-0.15322891;9.835381
474283376690338;0.02873042;-0.10534488;9.940725
474283381696588;0.11492168;-0.15322891;9.825804
474283386670026;0.08619126;-0.15322891;9.835381
474283391676276;0.038307227;-0.10534488;9.864111
474283396680963;0.0;-0.076614454;9.787497
474283401687213;0.02873042;-0.038307227;9.749189
474283406693463;0.05746084;-0.019153614;9.892841
474283411698151;0.11492168;-0.05746084;9.902418
474283416671588;0.009576807;-0.10534488;9.892841
474283421677838;0.009576807;-0.15322891;9.768343
474283426684088;-0.038307227;0.038307227;9.9790325
474283431688776;0.08619126;-0.22026655;9.739613
474283436695026;0.16280572;-0.21068975;10.065224
474283441668463;0.02873042;-0.1436521;9.662998
474283446674713;0.06703765;-0.12449849;9.950302
474283451679401;0.02873042;-0.05746084;9.758766
474283456685651;0.02873042;-0.038307227;9.77792
474283461690338;0.02873042;-0.11492168;10.036493
474283466696588;0.038307227;-0.047884032;9.787497
474283471670026;0.038307227;-0.1436521;10.007763
474283476676276;0.0;-0.06703765;9.595961
474283481680963;0.038307227;-0.047884032;10.0269165
474283486687213;0.06703765;-0.08619126;9.768343
474283491693463;0.02873042;-0.06703765;9.682152
474283496710651;0.038307227;-0.19153613;10.409989
474283501673151;0.047884032;-0.038307227;9.385271
474283506677838;0.047884032;-0.22984336;10.113108
474283511682526;0.0;-0.009576807;9.56723
474283516688776;0.047884032;-0.11492168;9.682152
474283521695026;0.08619126;-0.12449849;9.950302
474283526670026;0.009576807;0.02873042;9.3661175
474283531674713;0.095768064;-0.17238252;10.5919485
474283536680963;0.1436521;-0.038307227;9.32781
474283541685651;0.0;-0.11492168;10.630256
474283546691901;0.12449849;-0.12449849;9.730036
474283551696588;-0.009576807;-0.17238252;9.768343
474283556670026;-0.047884032;-0.10534488;9.854534
474283561676276;0.038307227;0.0;10.247183
474283566682526;0.0;-0.21068975;10.67814
474283571687213;0.095768064;-0.05746084;9.14585
474283576693463;0.038307227;-0.21068975;10.477027
474283581699713;0.15322891;-0.10534488;9.308656
474283586673151;0.02873042;-0.17238252;9.835381
474283591679401;-0.009576807;-0.08619126;9.9790325
474283596684088;0.038307227;-0.15322891;10.113108
474283601690338;0.08619126;-0.21068975;10.601525
474283606695026;0.1340753;-0.05746084;9.356541
474283611670026;0.02873042;-0.1340753;10.46745
474283616674713;0.0;-0.009576807;8.724471
474283621680963;0.038307227;-0.12449849;9.797073
474283626687213;0.019153614;-0.08619126;9.9790325
474283631691901;0.047884032;0.019153614;9.423578
474283636698151;0.16280572;-0.19153613;10.716447
474283641671588;0.08619126;-0.18195933;9.241618
474283646677838;0.019153614;-0.18195933;10.572795
474283651682526;0.08619126;-0.08619126;9.088389
474283656688776;0.06703765;-0.21068975;9.854534
474283661693463;-0.009576807;-0.18195933;9.911995
474283666668463;0.02873042;-0.1436521;9.3661175
474283671673151;0.06703765;-0.1436521;9.988609
474283676679401;0.15322891;0.019153614;9.3182335
474283681685651;0.06703765;-0.11492168;10.43872
474283686690338;0.047884032;-0.076614454;9.069236
474283691695026;-0.05746084;-0.076614454;10.113108
474283696670026;-0.05746084;-0.019153614;9.883265
474283701676276;0.095768064;-0.08619126;9.337387
474283706680963;0.17238252;-0.23942018;10.67814
474283711687213;0.095768064;-0.009576807;9.203311
474283716693463;0.019153614;-0.16280572;10.601525
474283721698151;0.038307227;-0.12449849;9.011775
474283726673151;0.02873042;-0.1340753;10.611102
474283731677838;-0.02873042;-0.10534488;9.902418
474283736682526;-0.019153614;-0.019153614;9.471462
474283741688776;0.16280572;-0.20111294;10.658986
474283746695026;0.11492168;-0.05746084;9.184157
474283751668463;0.009576807;-0.16280572;10.46745
474283756674713;0.10534488;-0.047884032;9.097966
474283761682526;-0.019153614;-0.15322891;10.180145
474283766685651;0.009576807;-0.05746084;9.691729
474283771690338;0.076614454;0.0;9.5385
474283776696588;0.095768064;-0.21068975;10.505757
474283781670026;0.009576807;-0.047884032;9.662998
474283786676276;0.0;-0.11492168;10.515334
474283791680963;0.05746084;-0.17238252;9.021352
474283796687213;-0.047884032;-0.12449849;10.151415
474283801693463;-0.019153614;-0.047884032;9.682152
474283806699713;0.0;-0.05746084;9.490616
474283811673151;0.1340753;-0.24899697;10.658986
474283816679401;0.06703765;-0.02873042;9.3182335
474283821684088;0.076614454;-0.23942018;10.419566
474283826690338;0.06703765;-0.095768064;9.11712
474283831695026;-0.009576807;-0.038307227;10.170568
474283836670026;0.11492168;-0.038307227;9.375694
474283841674713;0.02873042;0.0;9.5385
474283846679401;0.15322891;-0.20111294;10.515334
474283851685651;0.06703765;0.0;9.3661175
474283856691901;0.019153614;-0.19153613;10.419566
474283861696588;0.06703765;-0.15322891;9.030929
474283866671588;-0.038307227;-0.076614454;10.170568
474283871676276;-0.019153614;-0.009576807;9.662998
474283876682526;0.10534488;-0.11492168;9.854534
474283881688776;0.17238252;-0.22026655;10.620679
474283886693463;0.076614454;0.0;9.308656
474283891699713;0.076614454;-0.20111294;10.505757
474283896673151;0.076614454;-0.1340753;9.069236
474283901677838;-0.02873042;-0.019153614;10.180145
474283906684088;-0.038307227;-0.095768064;9.730036
474283911690338;0.06703765;-0.12449849;10.515334
474283916696588;0.10534488;-0.18195933;10.601525
474283921670026;0.06703765;0.095768064;9.32781
474283926674713;0.019153614;-0.20111294;10.43872
474283931680963;0.0;0.009576807;9.174581
474283936687213;-0.05746084;-0.05746084;10.237606
474283941691901;-0.009576807;-0.08619126;9.720459
474283946698151;0.038307227;-0.1340753;9.902418
474283951671588;0.15322891;-0.18195933;10.333375
474283956677838;0.06703765;-0.047884032;9.337387
474283961682526;0.05746084;-0.1340753;10.448297
474283966688776;0.06703765;0.0;9.126697
474283971693463;-0.06703765;-0.019153614;10.275913
474283976668463;-0.05746084;-0.08619126;9.739613
474283981673151;0.076614454;-0.17238252;9.959879
474283986679401;0.05746084;-0.08619126;9.375694
474283991685651;0.08619126;0.06703765;9.346964
474283996690338;0.076614454;-0.19153613;10.390836
474284001696588;0.0;-0.05746084;8.848969
474284006671588;0.009576807;-0.15322891;10.486604
474284011676276;-0.047884032;-0.009576807;9.624691
474284016680963;0.10534488;-0.10534488;9.940725
474284021687213;0.10534488;-0.10534488;10.208876
474284026691901;0.076614454;-0.038307227;9.500193
474284031698151;0.019153614;-0.24899697;10.381259
474284036673151;0.06703765;-0.047884032;8.829816
474284041677838;0.11492168;-0.21068975;10.620679
474284046684088;0.019153614;-0.16280572;9.643845
474284051690338;0.009576807;-0.12449849;9.969456
474284056695026;0.10534488;-0.1340753;10.266336
474284061668463;-0.019153614;-0.095768064;9.940725
474284066674713;0.12449849;-0.18195933;10.43872
474284071679401;0.009576807;-0.047884032;8.829816
474284076685651;-0.019153614;-0.11492168;10.496181
474284081691901;0.08619126;-0.05746084;9.433155
474284086696588;0.05746084;-0.10534488;9.883265
474284091671588;0.076614454;-0.1436521;10.170568
474284096676276;0.047884032;0.047884032;9.528923
474284101680963;0.02873042;-0.22026655;10.199299
474284106687213;-0.06703765;0.009576807;8.820239
474284111693463;-0.009576807;-0.11492168;10.352529
474284116698151;0.02873042;-0.019153614;9.394848
474284121673151;0.009576807;-0.095768064;9.969456
474284126677838;0.047884032;-0.1436521;10.199299
474284131684088;-0.038307227;-0.06703765;9.423578
474284136688776;-0.076614454;-0.047884032;9.844957
474284141695026;0.095768064;-0.076614454;8.791509
474284146670026;0.02873042;-0.17238252;10.5440645
474284151674713;0.05746084;-0.11492168;9.471462
474284156679401;0.038307227;-0.076614454;10.295067
474284161685651;0.1340753;-0.17238252;10.141838
474284166691901;0.16280572;0.0;9.576807
474284171696588;0.10534488;-0.25857377;10.237606
474284176671588;0.11492168;-0.076614454;8.772355
474284181676276;0.019153614;-0.16280572;10.429143
474284186682526;0.16280572;-0.12449849;9.308656
474284191687213;0.047884032;-0.1340753;10.477027
474284196693463;0.076614454;-0.06703765;10.275913
474284201699713;-0.019153614;-0.019153614;9.595961
474284206673151;0.019153614;-0.29688102;10.228029
474284211679401;0.02873042;-0.10534488;9.605537
474284216707526;-0.019153614;-0.06703765;10.457873
474284221690338;0.038307227;-0.05746084;9.394848
474284226695026;0.05746084;-0.19153613;10.266336
474284231670026;0.038307227;-0.10534488;9.854534
474284236674713;0.047884032;-0.02873042;9.385271
474284241679401;0.02873042;-0.18195933;10.247183
474284246687213;0.047884032;-0.076614454;8.820239
474284251691901;0.047884032;-0.24899697;10.6398325
474284256698151;0.038307227;-0.095768064;9.471462
474284261671588;0.1436521;-0.12449849;10.275913
474284266677838;0.18195933;-0.18195933;8.954314
474284271682526;0.019153614;0.0;9.490616
474284276688776;0.095768064;-0.25857377;10.208876
474284281695026;0.038307227;-0.047884032;8.839393
474284286668463;0.15322891;-0.18195933;10.505757
474284291674713;0.009576807;0.0;9.500193
474284296679401;0.095768064;-0.06703765;9.988609
474284301685651;0.02873042;-0.1340753;10.0269165
474284306690338;0.06703765;-0.06703765;9.576807
474284311696588;0.0;-0.16280572;10.132261
474284316671588;0.009576807;-0.10534488;9.605537
474284321676276;0.009576807;-0.11492168;9.911995
474284326680963;-0.019153614;-0.10534488;9.797073
474284331687213;0.05746084;-0.17238252;9.77792
474284336693463;0.047884032;-0.11492168;9.950302
474284341698151;0.08619126;-0.15322891;9.787497
474284346673151;0.038307227;-0.11492168;9.835381
474284351676276;0.076614454;-0.11492168;9.844957
474284356682526;0.12449849;-0.1436521;9.883265
474284361688776;0.009576807;-0.06703765;9.959879
474284366695026;0.08619126;-0.095768064;9.80665
474284371668463;0.076614454;-0.15322891;9.931149
474284376674713;0.02873042;-0.1340753;9.931149
474284381679401;0.12449849;-0.019153614;9.854534
474284386685651;0.095768064;-0.17238252;9.892841
474284391691901;0.009576807;-0.06703765;9.80665
474284396696588;0.02873042;-0.11492168;9.873688
474284401670026;0.009576807;-0.076614454;9.883265
474284406676276;0.019153614;-0.17238252;9.921572
474284411680963;0.038307227;-0.16280572;9.892841
474284416687213;0.06703765;-0.095768064;9.854534
474284421693463;0.076614454;-0.1436521;9.892841
474284426698151;0.047884032;-0.11492168;9.873688
474284431673151;0.019153614;-0.10534488;9.825804
474284436677838;0.1340753;-0.10534488;9.835381
474284441684088;0.009576807;-0.10534488;9.854534
474284446690338;0.08619126;-0.16280572;9.825804
474284451695026;0.009576807;-0.047884032;9.902418
474284456670026;0.047884032;-0.076614454;9.902418
474284461674713;-0.019153614;-0.02873042;9.844957
474284466679401;0.047884032;-0.1436521;9.844957
474284471685651;0.02873042;-0.08619126;9.835381
474284476691901;0.05746084;-0.15322891;9.911995
474284481698151;-0.019153614;-0.12449849;9.873688
474284486671588;0.047884032;-0.076614454;9.883265
474284491676276;0.05746084;-0.15322891;9.883265
474284496682526;0.06703765;-0.11492168;9.902418
474284501688776;0.06703765;-0.11492168;9.825804
474284506693463;0.05746084;-0.1436521;9.892841
474284511698151;0.019153614;-0.1436521;9.892841
474284516673151;0.047884032;-0.12449849;9.902418
474284521679401;0.05746084;-0.1340753;9.77792
474284526684088;0.019153614;-0.095768064;9.835381
474284531690338;0.047884032;-0.095768064;9.825804
474284536695026;0.02873042;-0.06703765;9.844957
474284541670026;0.05746084;-0.08619126;9.768343
474284546674713;0.047884032;-0.15322891;9.864111
474284551680963;0.02873042;-0.095768064;9.911995
474284556687213;0.1340753;-0.095768064;9.873688
474284561693463;0.076614454;-0.15322891;9.844957
474284566698151;0.019153614;-0.08619126;9.883265
474284571671588;0.05746084;-0.06703765;9.80665
474284576677838;0.05746084;-0.076614454;9.902418
474284581682526;0.019153614;-0.038307227;9.835381
474284586688776;0.076614454;-0.06703765;9.835381
474284591695026;0.0;-0.12449849;9.864111
474284596668463;0.02873042;-0.1436521;9.825804
474284601673151;0.076614454;-0.1436521;9.844957
474284606679401;0.038307227;-0.1340753;9.816227
474284611685651;0.009576807;-0.17238252;9.873688
474284616691901;0.11492168;-0.095768064;9.80665
474284621696588;0.10534488;-0.18195933;9.835381
474284626671588;0.0;-0.11492168;9.787497
474284631674713;0.076614454;-0.11492168;9.797073
474284636680963;0.019153614;-0.095768064;9.892841
474284641687213;0.06703765;-0.095768064;9.892841
474284646693463;0.06703765;-0.10534488;9.844957
474284651698151;0.038307227;-0.17238252;9.921572
474284656673151;0.05746084;-0.10534488;9.950302
474284661677838;0.047884032;-0.05746084;9.873688
474284666682526;0.047884032;-0.11492168;9.768343
474284671688776;0.038307227;-0.08619126;9.940725
474284676695026;0.047884032;-0.10534488;9.921572
474284681670026;0.05746084;-0.12449849;9.883265
474284686674713;0.076614454;-0.20111294;9.816227
474284691679401;0.047884032;-0.076614454;9.854534
474284696743463;0.02873042;-0.08619126;9.816227
474284701691901;0.019153614;-0.08619126;9.825804
474284706696588;0.05746084;-0.1436521;9.911995
474284711671588;0.047884032;-0.15322891;9.835381
474284716676276;-0.009576807;-0.10534488;9.873688
474284721682526;0.06703765;-0.06703765;9.892841
474284726688776;0.009576807;-0.06703765;9.902418
474284731693463;0.06703765;-0.1340753;9.825804
474284736698151;0.06703765;-0.047884032;9.797073
474284741673151;0.038307227;-0.05746084;9.797073
474284746677838;0.047884032;-0.1340753;9.844957
474284751684088;0.06703765;-0.12449849;9.768343
474284756690338;0.076614454;-0.15322891;9.883265
474284761695026;0.095768064;-0.038307227;9.844957
474284766670026;0.009576807;-0.076614454;9.883265
474284771674713;0.08619126;-0.06703765;9.787497
474284776680963;0.06703765;-0.08619126;9.797073
474284781687213;0.047884032;-0.11492168;9.844957
474284786691901;0.019153614;-0.12449849;9.787497
474284791698151;0.095768064;-0.095768064;9.864111
474284796671588;0.009576807;-0.11492168;9.921572
474284801677838;0.05746084;-0.038307227;9.864111
474284806682526;0.076614454;-0.1340753;9.844957
474284811688776;0.076614454;-0.1436521;9.854534
474284816695026;0.06703765;-0.1436521;9.950302
474284821699713;0.019153614;-0.08619126;9.873688
474284826674713;0.08619126;-0.10534488;9.825804
474284831677838;0.076614454;-0.095768064;9.873688
474284836685651;0.019153614;-0.095768064;9.911995
474284841690338;0.08619126;-0.08619126;9.864111
474284846696588;0.05746084;-0.05746084;9.835381
474284851670026;-0.009576807;-0.12449849;9.825804
474284856674713;0.047884032;-0.10534488;9.816227
474284861680963;0.05746084;-0.1436521;9.854534
474284866687213;0.038307227;-0.095768064;9.864111
474284871691901;0.047884032;-0.047884032;9.80665
474284876698151;0.02873042;-0.1340753;9.730036
474284881671588;0.019153614;0.009576807;9.950302
474284886677838;0.047884032;-0.08619126;9.77792
474284891682526;0.038307227;-0.12449849;9.902418
474284896688776;0.08619126;-0.15322891;9.797073
474284901695026;0.019153614;-0.16280572;9.854534
474284906670026;0.08619126;-0.16280572;9.854534
474284911674713;0.02873042;-0.15322891;9.77792
474284916680963;0.038307227;-0.12449849;9.883265
474284921685651;0.009576807;-0.06703765;9.816227
474284926691901;0.038307227;-0.11492168;9.835381
474284931696588;0.019153614;-0.17238252;9.835381
474284936671588;0.047884032;-0.08619126;9.844957
474284941676276;-0.009576807;-0.16280572;9.816227
474284946680963;0.05746084;-0.05746084;9.892841
474284951687213;0.10534488;-0.1340753;9.854534
474284956693463;0.076614454;-0.076614454;9.80665
474284961698151;0.038307227;-0.08619126;9.825804
474284966673151;0.047884032;-0.095768064;9.835381
474284971677838;0.05746084;-0.10534488;9.844957
474284976684088;0.06703765;-0.076614454;9.835381
474284981690338;-0.019153614;-0.038307227;9.844957
474284986695026;0.038307227;-0.15322891;9.835381
474284991670026;0.038307227;-0.10534488;9.816227
474284996676276;0.019153614;-0.10534488;9.864111
474285001680963;0.038307227;-0.10534488;9.835381
474285006687213;0.29688102;-0.41180268;9.739613
474285011690338;-0.076614454;0.076614454;9.892841
474285016696588;-0.076614454;0.10534488;10.036493
474285021671588;-0.11492168;-0.019153614;9.854534
474285026677838;0.02873042;-0.18195933;10.01734
474285031682526;-0.047884032;-0.08619126;9.730036
474285036687213;0.10534488;-0.10534488;9.749189
474285041693463;0.08619126;-0.16280572;9.940725
474285046699713;0.038307227;-0.10534488;9.691729
474285051673151;0.047884032;-0.11492168;10.0748005
474285056679401;0.038307227;-0.18195933;9.481039
474285061684088;0.019153614;-0.038307227;9.797073
474285066690338;0.095768064;-0.1340753;9.940725
474285071695026;0.076614454;-0.02873042;9.069236
474285076670026;0.095768064;-0.18195933;10.323798
474285081674713;0.0;-0.06703765;9.586384
474285086680963;0.047884032;-0.038307227;10.1226845
474285091685651;0.095768064;-0.095768064;10.170568
474285096691901;-0.009576807;-0.047884032;9.442732
474285101696588;0.02873042;-0.22026655;10.381259
474285106671588;-0.019153614;-0.11492168;8.791509
474285111677838;-0.038307227;-0.1436521;10.477027
474285116682526;0.06703765;-0.038307227;9.385271
474285121688776;0.076614454;-0.15322891;9.969456
474285126695026;0.1340753;-0.12449849;10.275913
474285131668463;-0.019153614;-0.15322891;9.988609
474285136674713;0.019153614;-0.16280572;10.381259
474285141679401;0.019153614;-0.06703765;8.734048
474285146685651;0.0;-0.1340753;10.46745
474285151690338;0.095768064;0.019153614;9.442732
474285156696588;0.10534488;-0.11492168;10.055647
474285161670026;0.05746084;-0.16280572;10.208876
474285166676276;0.009576807;-0.08619126;9.519346
474285171682526;-0.019153614;-0.16280572;10.103531
474285176687213;0.06703765;-0.047884032;8.839393
474285181691901;-0.019153614;-0.15322891;10.46745
474285186698151;0.10534488;-0.047884032;9.279925
474285191673151;0.009576807;-0.076614454;10.04607
474285196677838;0.076614454;-0.06703765;10.132261
474285201682526;0.02873042;-0.095768064;9.576807
474285206688776;-0.009576807;-0.047884032;9.77792
474285211695026;0.019153614;-0.009576807;8.858546
474285216670026;0.0;-0.22984336;10.534488
474285221674713;0.076614454;-0.11492168;9.375694
474285226680963;0.047884032;-0.1340753;10.275913
474285231685651;0.05746084;-0.1436521;10.132261
474285236690338;0.0;0.009576807;9.500193
474285241696588;0.009576807;-0.16280572;10.218452
474285246671588;0.047884032;-0.047884032;8.801085
474285251676276;0.019153614;-0.19153613;10.429143
474285256680963;0.047884032;-0.076614454;9.375694
474285261687213;0.11492168;-0.17238252;10.429143
474285266693463;0.1436521;-0.1340753;10.199299
474285271698151;0.038307227;-0.05746084;9.576807
474285276673151;0.038307227;-0.15322891;10.1226845
474285281677838;0.038307227;0.0;9.710882
474285286684088;-0.009576807;-0.10534488;10.477027
474285291688776;0.02873042;-0.02873042;9.433155
474285296695026;0.009576807;-0.1340753;10.429143
474285301670026;0.05746084;-0.02873042;9.701305
474285306676276;0.076614454;-0.06703765;9.5385
474285311679401;-0.009576807;-0.16280572;10.141838
474285316687213;-0.019153614;0.009576807;9.040505
474285321691901;0.10534488;-0.16280572;10.649409
474285326698151;0.1340753;-0.12449849;9.32781
474285331671588;0.009576807;-0.1436521;10.429143
474285336676276;0.076614454;-0.095768064;8.916007
474285341680963;0.047884032;-0.05746084;9.548077
474285346687213;0.0;-0.17238252;10.170568
474285351693463;0.009576807;-0.08619126;8.925584
474285356698151;0.095768064;-0.2777274;10.601525
474285361673151;0.11492168;-0.038307227;9.346964
474285366677838;0.12449849;-0.1340753;10.409989
474285371684088;0.05746084;-0.1340753;9.662998
474285376688776;0.009576807;-0.1340753;9.749189
474285381695026;-0.019153614;-0.11492168;10.132261
474285386670026;-0.02873042;-0.047884032;8.983045
474285391676276;0.047884032;-0.19153613;10.6398325
474285396680963;0.11492168;-0.038307227;9.289502
474285401687213;0.076614454;-0.19153613;10.419566
474285406693463;0.08619126;-0.05746084;9.653421
474285411698151;-0.038307227;-0.06703765;10.304645
474285416671588;0.0;-0.10534488;10.160992
474285421677838;0.02873042;-0.02873042;9.11712
474285426684088;0.047884032;-0.17238252;10.70687
474285431688776;0.019153614;0.009576807;9.394848
474285436695026;0.06703765;-0.095768064;10.429143
474285441668463;0.12449849;-0.047884032;9.720459
474285446673151;0.019153614;-0.12449849;9.844957
474285451679401;0.009576807;-0.076614454;9.519346
474285456685651;0.047884032;-0.06703765;8.944737
474285461690338;0.08619126;-0.22026655;10.620679
474285466695026;0.11492168;-0.038307227;9.241618
474285471670026;0.047884032;-0.18195933;10.515334
474285476676276;0.08619126;-0.047884032;9.605537
474285481680963;-0.019153614;-0.095768064;9.758766
474285486687213;0.009576807;-0.038307227;9.509769
474285491693463;0.009576807;-0.095768064;8.992621
474285496698151;0.12449849;-0.19153613;10.620679
474285501671588;0.15322891;-0.12449849;9.404425
474285506677838;0.02873042;-0.17238252;10.25676
474285511682526;0.02873042;-0.10534488;9.634268
474285516690338;-0.019153614;-0.076614454;9.77792
474285521695026;-0.02873042;-0.08619126;9.921572
474285526668463;0.076614454;0.0;9.385271
474285531674713;0.10534488;-0.20111294;10.649409
474285536679401;0.16280572;-0.095768064;9.337387
474285541685651;0.047884032;-0.11492168;10.582372
474285546691901;0.095768064;-0.05746084;9.155427
474285551696588;0.0;-0.15322891;9.825804
474285556671588;-0.076614454;-0.095768064;9.940725
474285561676276;0.009576807;-0.038307227;9.375694
474285566682526;0.076614454;-0.24899697;10.726024
474285571687213;0.1436521;-0.05746084;9.251195
474285576693463;0.05746084;-0.15322891;10.448297
474285581698151;0.019153614;-0.02873042;8.896853
474285586673151;0.038307227;-0.1340753;9.854534
474285591679401;-0.038307227;-0.10534488;9.921572
474285596684088;0.047884032;-0.047884032;9.346964
474285601690338;0.009576807;-0.1436521;10.065224
474285606695026;0.076614454;0.009576807;9.32781
474285611670026;0.02873042;-0.047884032;10.477027
474285616676276;0.038307227;-0.12449849;9.193734
474285621679401;-0.047884032;-0.047884032;10.084377
474285626687213;-0.038307227;-0.009576807;9.988609
474285631691901;-0.02873042;-0.047884032;9.3182335
474285636698151;0.10534488;0.0;10.189722
474285641671588;0.095768064;-0.038307227;9.337387
474285646676276;0.019153614;-0.12449849;10.582372
474285651682526;0.08619126;-0.11492168;9.279925
474285656687213;-0.009576807;-0.17238252;10.477027
474285661693463;0.05746084;-0.24899697;9.921572
474285666698151;0.06703765;0.0;9.442732
474285671673151;0.12449849;-0.2777274;10.620679
474285676679401;0.06703765;-0.05746084;9.586384
474285681684088;0.047884032;-0.1436521;10.477027
474285686690338;0.05746084;-0.12449849;9.126697
474285691695026;-0.019153614;-0.11492168;10.151415
474285696670026;-0.009576807;-0.08619126;9.768343
474285701674713;0.05746084;-0.08619126;9.356541
474285706680963;0.06703765;-0.16280572;10.582372
474285711687213;0.11492168;-0.009576807;9.232041
474285716691901;0.05746084;-0.18195933;10.505757
474285721698151;0.06703765;-0.1340753;9.14585
474285726671588;-0.06703765;-0.10534488;10.113108
474285731677838;0.047884032;-0.02873042;9.423578
474285736682526;0.019153614;0.0;9.461885
474285741688776;0.1436521;-0.22026655;10.658986
474285746693463;0.08619126;0.0;9.270349
474285751666901;-0.009576807;-0.08619126;10.5440645
474285756674713;0.02873042;-0.1340753;9.270349
474285761679401;-0.076614454;-0.05746084;10.093954
474285766685651;-0.047884032;-0.076614454;9.682152
474285771690338;0.038307227;-0.076614454;9.768343
474285776696588;0.1340753;-0.2777274;10.6877165
474285781670026;0.10534488;-0.1340753;9.289502
474285786676276;-0.019153614;-0.1436521;10.113108
474285791682526;0.076614454;-0.12449849;9.11712
474285796687213;-0.05746084;-0.12449849;10.160992
474285801693463;-0.038307227;-0.047884032;9.80665
474285806698151;0.08619126;-0.095768064;9.701305
474285811673151;0.095768064;-0.22026655;10.534488
474285816677838;0.10534488;0.0;9.241618
474285821684088;0.047884032;-0.19153613;10.496181
474285826688776;0.05746084;-0.08619126;9.11712
474285831695026;-0.038307227;-0.1436521;10.113108
474285836670026;-0.038307227;-0.038307227;9.710882
474285841674713;0.019153614;-0.1340753;10.486604
474285846679401;0.17238252;-0.24899697;10.6398325
474285851685651;0.047884032;0.0;9.346964
474285856690338;0.038307227;-0.15322891;10.400413
474285861696588;0.076614454;-0.047884032;8.772355
474285866671588;-0.05746084;0.009576807;10.141838
474285871676276;-0.02873042;-0.06703765;9.739613
474285876682526;0.038307227;-0.06703765;10.524911
474285881688776;0.12449849;-0.20111294;10.496181
474285886693463;0.019153614;0.08619126;9.346964
474285891698151;0.047884032;-0.17238252;10.43872
474285896673151;0.076614454;-0.047884032;8.791509
474285901677838;-0.019153614;-0.15322891;10.180145
474285906684088;-0.02873042;-0.019153614;9.701305
474285911690338;0.095768064;-0.05746084;9.864111
474285916696588;0.12449849;-0.1340753;10.295067
474285921670026;0.095768064;-0.06703765;9.394848
474285926674713;0.05746084;-0.21068975;10.46745
474285931679401;0.06703765;-0.047884032;8.858546
474285936687213;-0.009576807;-0.19153613;10.180145
474285941691901;-0.009576807;-0.019153614;9.682152
474285946696588;0.076614454;-0.1340753;9.873688
474285951671588;0.047884032;-0.047884032;9.452309
474285956677838;0.05746084;-0.019153614;9.346964
474285961682526;0.08619126;-0.15322891;10.342952
474285966688776;-0.009576807;-0.095768064;8.925584
474285971693463;0.019153614;-0.19153613;10.323798
474285976699713;-0.019153614;0.009576807;9.77792
474285981673151;-0.019153614;-0.009576807;9.902418
474285986679401;0.20111294;-0.18195933;9.260772
474285991684088;-0.009576807;-0.019153614;9.442732
474285996690338;0.08619126;-0.24899697;10.342952
474286001696588;0.02873042;-0.095768064;9.251195
474286006670026;-0.019153614;-0.1340753;10.237606
474286011674713;-0.019153614;-0.047884032;9.749189
474286016680963;0.019153614;-0.08619126;9.710882
474286021687213;0.11492168;-0.18195933;10.132261
474286026693463;0.047884032;-0.12449849;9.662998
474286031698151;0.019153614;-0.10534488;10.0269165
474286036671588;0.06703765;-0.11492168;9.816227
474286041677838;0.009576807;-0.047884032;9.844957
474286046682526;0.10534488;-0.05746084;9.959879
474286051688776;0.095768064;-0.16280572;9.758766
474286056695026;0.009576807;-0.095768064;9.873688
474286061668463;0.12449849;-0.1340753;9.797073
474286066674713;0.076614454;-0.12449849;9.844957
474286071679401;0.02873042;-0.16280572;9.902418
474286076685651;0.009576807;-0.12449849;9.873688
474286081690338;0.047884032;-0.1340753;9.80665
474286086696588;0.038307227;-0.12449849;9.825804
474286091670026;0.038307227;-0.095768064;9.883265
474286096676276;0.047884032;-0.076614454;9.911995
474286101680963;0.076614454;-0.076614454;9.797073
474286106687213;0.019153614;-0.10534488;9.797073
474286111693463;0.019153614;-0.038307227;9.873688
474286116698151;0.076614454;-0.16280572;9.873688
474286121673151;-0.019153614;-0.08619126;9.873688
474286126677838;0.047884032;-0.038307227;9.873688
474286131682526;0.009576807;-0.06703765;9.816227
474286136688776;0.047884032;-0.20111294;9.739613
474286141695026;0.06703765;-0.16280572;9.77792
474286146668463;0.076614454;-0.095768064;9.844957
474286151674713;-0.019153614;-0.1436521;9.883265
474286156680963;0.009576807;-0.16280572;9.835381
474286161685651;0.06703765;-0.20111294;9.921572
474286166691901;0.08619126;-0.1340753;9.825804
474286171696588;0.009576807;-0.11492168;9.892841
474286176671588;0.05746084;-0.1340753;9.816227
474286181676276;0.05746084;-0.095768064;9.950302
474286186682526;0.06703765;-0.08619126;9.768343
474286191688776;0.038307227;-0.11492168;9.835381
474286196693463;-0.009576807;-0.047884032;9.911995
474286201699713;0.08619126;-0.11492168;9.873688
474286206673151;0.019153614;-0.10534488;9.844957
474286211677838;0.047884032;-0.17238252;9.864111
474286216684088;0.02873042;-0.16280572;9.825804
474286221690338;0.10534488;-0.08619126;9.844957
474286226695026;0.009576807;-0.08619126;9.710882
474286231670026;0.019153614;-0.1436521;9.825804
474286236674713;0.076614454;-0.047884032;9.864111
474286241680963;0.0;-0.08619126;9.854534
474286246685651;0.047884032;-0.095768064;9.864111
474286251691901;0.05746084;-0.17238252;9.854534
474286256698151;0.02873042;-0.1436521;9.787497
474286261671588;0.0;-0.11492168;9.883265
474286266677838;-0.009576807;-0.1436521;9.844957
474286271682526;-0.019153614;-0.08619126;9.892841
474286276688776;0.02873042;-0.1436521;9.854534
474286281693463;0.06703765;-0.019153614;9.883265
474286286699713;0.06703765;-0.1340753;9.797073
474286291673151;0.047884032;-0.19153613;9.844957
474286296679401;0.08619126;-0.038307227;9.950302
474286301685651;0.11492168;-0.15322891;9.9790325
474286306690338;0.047884032;-0.10534488;9.864111
474286311696588;0.06703765;-0.12449849;9.892841
474286316670026;0.038307227;-0.1340753;9.844957
474286321676276;0.038307227;-0.076614454;9.911995
474286326680963;0.05746084;-0.1340753;9.835381
474286331687213;0.11492168;-0.08619126;9.940725
474286336691901;0.047884032;-0.1340753;9.844957
474286341698151;0.019153614;-0.10534488;9.816227
474286346673151;0.05746084;-0.076614454;9.787497
474286351677838;0.05746084;-0.15322891;9.864111
474286356682526;0.009576807;-0.06703765;9.864111
474286361688776;0.08619126;-0.11492168;9.787497
474286366695026;0.02873042;-0.06703765;9.854534
474286371668463;0.047884032;-0.076614454;9.883265
474286376674713;0.06703765;-0.1340753;9.80665
474286381679401;0.076614454;-0.11492168;9.844957
474286386685651;0.0;-0.08619126;9.787497
474286391690338;0.047884032;-0.11492168;9.854534
474286396696588;0.05746084;-0.11492168;9.80665
474286401670026;0.05746084;-0.16280572;9.844957
474286406676276;0.038307227;-0.076614454;9.854534
474286411680963;0.047884032;-0.095768064;9.787497
474286416688776;0.047884032;-0.17238252;9.835381
474286421693463;0.05746084;-0.02873042;9.844957
474286426698151;0.08619126;-0.18195933;9.892841
474286431673151;0.019153614;-0.15322891;9.864111
474286436679401;0.019153614;-0.076614454;9.883265
474286441684088;0.05746084;-0.047884032;9.854534
474286446688776;0.076614454;-0.038307227;9.835381
474286451695026;0.019153614;-0.038307227;9.892841
474286456670026;0.047884032;-0.16280572;9.854534
474286461674713;0.009576807;-0.06703765;9.921572
474286466679401;0.009576807;-0.019153614;9.864111
474286471685651;0.047884032;-0.1436521;9.816227
474286476691901;0.02873042;-0.12449849;9.797073
474286481696588;0.038307227;-0.038307227;9.902418
474286486671588;0.10534488;-0.08619126;9.797073
474286491676276;-0.009576807;-0.047884032;9.854534
474286496682526;0.08619126;-0.11492168;9.816227
474286501688776;-0.019153614;-0.11492168;9.816227
474286506693463;-0.009576807;-0.10534488;9.844957
474286511699713;0.076614454;-0.08619126;9.864111
474286516673151;0.06703765;-0.11492168;9.864111
474286521679401;0.047884032;-0.1340753;9.864111
474286526684088;0.08619126;-0.20111294;9.825804
474286531688776;0.05746084;-0.19153613;9.883265
474286536695026;0.06703765;-0.05746084;9.911995
474286541670026;0.009576807;-0.1436521;9.844957
474286546674713;0.019153614;-0.1340753;9.854534
474286551679401;0.05746084;-0.05746084;9.835381
474286556687213;-0.019153614;-0.1340753;9.921572
474286561690338;0.047884032;-0.11492168;9.835381
474286566698151;0.0;-0.1436521;9.864111
474286571671588;0.05746084;-0.08619126;9.77792
474286576676276;0.019153614;-0.11492168;9.873688
474286581682526;0.019153614;-0.12449849;9.854534
474286586688776;0.009576807;-0.08619126;9.768343
474286591693463;-0.019153614;-0.06703765;9.902418
474286596668463;0.047884032;-0.1340753;9.864111
474286601673151;0.02873042;-0.12449849;9.959879
474286606679401;0.02873042;-0.1436521;9.844957
474286611685651;0.019153614;-0.12449849;9.758766
474286616690338;0.06703765;-0.19153613;9.787497
474286621696588;0.02873042;-0.15322891;9.883265
474286626670026;0.02873042;-0.095768064;9.816227
474286631674713;0.076614454;-0.10534488;9.787497
474286636680963;0.095768064;-0.15322891;9.873688
474286641687213;-0.009576807;-0.06703765;9.825804
474286646691901;0.0;-0.05746084;9.844957
474286651698151;0.05746084;-0.076614454;9.835381
474286656673151;0.009576807;-0.1436521;9.873688
474286661677838;-0.009576807;-0.076614454;9.825804
474286666682526;0.047884032;-0.11492168;9.80665
474286671688776;0.076614454;-0.11492168;9.902418
474286676695026;0.038307227;-0.076614454;9.883265
474286681668463;0.02873042;-0.10534488;9.902418
474286686674713;0.009576807;-0.15322891;9.854534
474286691679401;0.0;-0.095768064;9.883265
474286696685651;0.05746084;-0.15322891;9.825804
474286701690338;-0.009576807;-0.047884032;9.844957
474286706696588;0.038307227;-0.16280572;9.825804
474286711671588;0.047884032;-0.16280572;9.864111
474286716676276;0.038307227;-0.17238252;9.80665
474286721680963;-0.08619126;0.095768064;9.854534
474286726687213;-0.019153614;-0.095768064;9.911995
474286731693463;0.16280572;-0.25857377;9.739613
474286736699713;-0.009576807;-0.16280572;9.950302
474286741673151;0.038307227;-0.08619126;9.710882
474286746677838;0.06703765;-0.08619126;9.940725
474286751684088;0.0;-0.15322891;9.864111
474286756690338;0.02873042;-0.05746084;9.56723
474286761695026;0.047884032;-0.10534488;9.9790325
474286766670026;0.038307227;-0.12449849;9.672575
474286771674713;0.05746084;-0.02873042;9.892841
474286776679401;0.11492168;-0.076614454;10.0748005
474286781685651;-0.019153614;-0.10534488;9.9790325
474286786691901;0.047884032;-0.10534488;10.237606
474286791698151;0.076614454;-0.1340753;9.050082
474286796670026;-0.047884032;-0.21068975;10.103531
474286801676276;0.08619126;-0.076614454;9.337387
474286806682526;0.06703765;-0.009576807;9.528923
474286811688776;0.1436521;-0.22026655;10.43872
474286816695026;0.019153614;0.0;9.3661175
474286821699713;0.047884032;-0.15322891;10.381259
474286826673151;0.05746084;-0.11492168;9.069236
474286831677838;-0.019153614;-0.17238252;10.218452
474286836684088;0.095768064;-0.1340753;9.232041
474286841690338;0.06703765;-0.12449849;9.414001
474286846696588;0.1340753;-0.23942018;10.745177
474286851670026;0.05746084;-0.095768064;9.270349
474286856676276;0.06703765;-0.20111294;10.43872
474286861680963;0.11492168;-0.15322891;8.992621
474286866687213;-0.047884032;-0.1340753;10.160992
474286871691901;-0.009576807;-0.11492168;9.701305
474286876698151;0.05746084;-0.16280572;9.825804
474286881671588;0.16280572;-0.23942018;10.611102
474286886677838;0.05746084;0.0;9.3182335
474286891682526;0.076614454;-0.22026655;10.362105
474286896688776;0.047884032;-0.02873042;8.992621
474286901695026;-0.076614454;-0.11492168;10.141838
474286906668463;-0.019153614;-0.047884032;9.720459
474286911674713;0.076614454;-0.08619126;10.409989
474286916679401;0.12449849;-0.12449849;10.563218
474286921685651;0.06703765;0.038307227;9.270349
474286926690338;0.05746084;-0.23942018;10.400413
474286931696588;0.06703765;-0.10534488;8.781932
474286936671588;-0.02873042;-0.15322891;10.180145
474286941676276;0.019153614;-0.06703765;9.605537
474286946680963;0.10534488;-0.20111294;10.381259
474286951687213;0.17238252;-0.22026655;10.5440645
474286956693463;0.08619126;0.0;9.270349
474286961698151;0.009576807;-0.18195933;10.390836
474286966673151;-0.02873042;0.0;9.107543
474286971677838;-0.019153614;-0.17238252;10.199299
474286976682526;-0.019153614;0.009576807;9.662998
474286981688776;0.10534488;-0.1436521;9.892841
474286986695026;0.095768064;-0.10534488;10.304645
474286991670026;0.076614454;-0.02873042;9.3182335
474286996674713;0.076614454;-0.2681506;10.457873
474287001679401;0.038307227;-0.11492168;8.724471
474287006685651;-0.019153614;-0.095768064;10.323798
474287011691901;0.0;-0.038307227;9.615114
474287016696588;0.06703765;-0.019153614;9.988609
474287021671588;0.009576807;-0.10534488;9.375694
474287026676276;0.11492168;-0.02873042;9.346964
474287031682526;0.0;-0.22984336;10.448297
474287036688776;0.02873042;-0.076614454;8.868123
474287041693463;0.009576807;-0.17238252;10.496181
474287046699713;0.0;-0.08619126;9.615114
474287051673151;0.10534488;-0.06703765;9.883265
474287056677838;0.009576807;-0.20111294;9.356541
474287061684088;0.047884032;-0.02873042;9.3182335
474287066690338;0.02873042;-0.24899697;10.362105
474287071695026;0.02873042;-0.047884032;8.781932
474287076670026;0.1436521;-0.22026655;10.601525
474287081674713;-0.019153614;-0.047884032;9.672575
474287086680963;0.05746084;-0.095768064;9.9790325
474287091685651;0.08619126;-0.17238252;10.189722
474287096691901;0.076614454;-0.076614454;9.461885
474287101696588;0.06703765;-0.22984336;10.371682
474287106671588;-0.019153614;-0.08619126;8.7532015
474287111676276;-0.019153614;-0.10534488;10.505757
474287116684088;0.019153614;-0.08619126;9.615114
474287121688776;0.047884032;-0.19153613;10.065224
474287126695026;0.11492168;-0.05746084;10.1226845
474287131698151;-0.02873042;-0.095768064;9.931149
474287136674713;0.08619126;-0.24899697;10.323798
474287141677838;0.009576807;0.02873042;8.762778
474287146684088;0.019153614;-0.25857377;10.448297
474287151690338;0.11492168;-0.11492168;9.346964
474287156696588;0.038307227;-0.08619126;10.055647
474287161670026;0.06703765;-0.1340753;10.151415
474287166674713;-0.019153614;-0.10534488;10.0748005
474287171680963;0.06703765;-0.20111294;10.295067
474287176687213;0.019153614;-0.05746084;8.7532015
474287181691901;-0.019153614;-0.17238252;10.477027
474287186698151;0.17238252;-0.009576807;9.356541
474287191673151;0.10534488;-0.076614454;10.1226845
474287196677838;0.076614454;-0.08619126;10.065224
474287201682526;0.047884032;-0.076614454;9.548077
474287206688776;0.047884032;-0.17238252;10.266336
474287211693463;-0.009576807;-0.019153614;8.762778
474287216668463;0.047884032;-0.23942018;10.515334
474287221673151;0.038307227;0.0;9.279925
474287226679401;0.095768064;-0.1340753;10.0748005
474287231685651;0.08619126;-0.10534488;10.065224
474287236690338;0.08619126;-0.17238252;9.557653
474287241696588;-0.02873042;-0.1340753;10.093954
474287246670026;0.019153614;-0.02873042;8.810662
474287251676276;-0.019153614;-0.19153613;10.563218
474287256680963;0.12449849;-0.05746084;9.289502
474287261687213;0.12449849;-0.17238252;10.084377
474287266693463;0.06703765;-0.08619126;10.01734
474287271698151;0.1436521;-0.11492168;9.634268
474287276673151;-0.038307227;0.0;9.797073
474287281679401;0.019153614;-0.009576807;8.90643
474287286684088;0.076614454;-0.21068975;10.601525
474287291690338;0.16280572;-0.18195933;9.308656
474287296695026;0.019153614;-0.12449849;10.553641
474287301668463;0.10534488;-0.1340753;9.9790325
474287306674713;-0.05746084;-0.019153614;9.672575
474287311679401;-0.019153614;-0.20111294;10.151415
474287316685651;-0.019153614;0.0;9.088389
474287321690338;-0.009576807;-0.16280572;10.5919485
474287326696588;0.076614454;-0.019153614;9.32781
474287331671588;-0.019153614;-0.17238252;10.457873
474287336677838;0.019153614;-0.08619126;9.959879
474287341682526;0.047884032;-0.095768064;9.787497
474287346687213;0.047884032;-0.08619126;10.0269165
474287351693463;0.12449849;-0.10534488;9.80665
474287356699713;0.047884032;-0.16280572;10.582372
474287361673151;0.11492168;-0.05746084;9.289502
474287366677838;0.10534488;-0.10534488;10.409989
474287371684088;0.05746084;0.0;9.557653
474287376690338;0.038307227;-0.095768064;9.682152
474287381695026;0.019153614;-0.1436521;10.04607
474287386670026;0.047884032;-0.18195933;9.797073
474287391674713;0.02873042;-0.23942018;10.630256
474287396679401;0.11492168;-0.038307227;9.212888
474287401687213;0.076614454;-0.12449849;10.342952
474287406691901;0.0;-0.12449849;8.772355
474287411698151;0.019153614;-0.19153613;9.624691
474287416671588;0.009576807;-0.1436521;10.04607
474287421676276;0.038307227;-0.10534488;9.097966
474287426682526;0.11492168;-0.22026655;10.6877165
474287431688776;0.10534488;-0.095768064;9.433155
474287436693463;0.10534488;-0.15322891;10.477027
474287441699713;0.05746084;-0.047884032;9.346964
474287446673151;0.0;-0.1340753;9.940725
474287451679401;0.047884032;-0.16280572;10.093954
474287456685651;-0.019153614;-0.019153614;9.078813
474287461690338;0.11492168;-0.10534488;10.333375
474287466696588;0.038307227;-0.1340753;9.337387
474287471670026;0.02873042;-0.06703765;10.515334
474287476676276;0.05746084;-0.038307227;9.490616
474287481680963;-0.019153614;-0.1436521;10.333375
474287486687213;-0.038307227;-0.1436521;10.151415
474287491691901;0.02873042;0.0;9.126697
474287496696588;0.18195933;-0.2873042;10.5919485
474287501671588;0.11492168;-0.08619126;9.299079
474287506677838;0.038307227;-0.1436521;10.400413
474287511682526;0.05746084;-0.11492168;9.490616
474287516688776;-0.02873042;-0.06703765;10.390836
474287521695026;-0.019153614;-0.16280572;10.055647
474287526668463;0.038307227;-0.15322891;9.078813
474287531674713;0.11492168;-0.29688102;10.658986
474287536679401;0.019153614;-0.1436521;9.471462
474287541685651;0.076614454;-0.095768064;10.457873
474287546690338;0.047884032;-0.15322891;9.500193
474287551696588;0.0;-0.12449849;9.969456
474287556670026;-0.019153614;0.0;9.902418
474287561674713;-0.009576807;-0.009576807;9.078813
474287566680963;0.17238252;-0.22026655;10.611102
474287571687213;0.11492168;-0.047884032;9.155427
474287576695026;0.047884032;-0.1340753;10.381259
474287581698151;0.02873042;-0.076614454;9.519346
474287586673151;0.0;-0.10534488;9.959879
474287591677838;0.038307227;-0.095768064;9.490616
474287596684088;0.019153614;-0.038307227;9.088389
474287601688776;0.1436521;-0.22984336;10.716447
474287606695026;0.15322891;-0.12449849;9.174581
474287611668463;0.02873042;-0.16280572;10.572795
474287616674713;0.047884032;-0.12449849;9.423578
474287621679401;-0.047884032;-0.019153614;9.911995
474287626685651;-0.019153614;-0.095768064;9.911995
474287631691901;0.019153614;0.0;9.586384
474287636698151;0.1436521;-0.25857377;10.601525
474287641671588;0.1340753;-0.095768064;9.251195
474287646676276;0.047884032;-0.24899697;10.189722
474287651680963;0.10534488;-0.047884032;9.433155
474287656688776;0.009576807;-0.095768064;9.988609
474287661693463;-0.019153614;-0.009576807;9.883265
474287666699713;0.06703765;0.0;9.586384
474287671673151;0.12449849;-0.25857377;10.70687
474287676677838;0.11492168;-0.038307227;9.299079
474287681684088;0.02873042;-0.076614454;10.524911
474287686690338;0.08619126;-0.11492168;9.050082
474287691695026;0.047884032;-0.21068975;9.873688
474287696670026;-0.019153614;-0.05746084;9.80665
474287701674713;0.05746084;-0.076614454;9.586384
474287706680963;0.1340753;-0.17238252;10.649409
474287711687213;0.08619126;-0.009576807;9.136273
474287716691901;0.08619126;-0.16280572;10.419566
474287721696588;0.0;0.0;8.954314
474287726671588;-0.019153614;-0.038307227;10.036493
474287731676276;-0.038307227;-0.08619126;9.797073
474287736682526;0.06703765;-0.095768064;9.576807
474287741688776;0.047884032;-0.05746084;9.854534
474287746693463;-0.05746084;0.24899697;9.32781
474287751699713;0.17238252;-0.25857377;10.572795
474287756673151;0.18195933;-0.17238252;9.011775
474287761679401;-0.047884032;-0.06703765;10.228029
474287766685651;-0.019153614;-0.05746084;9.825804
474287771690338;0.06703765;-0.019153614;9.3661175
474287776696588;0.11492168;-0.17238252;10.007763
474287781670026;0.05746084;-0.11492168;9.519346
474287786676276;0.08619126;-0.17238252;10.218452
474287791680963;0.05746084;-0.095768064;9.77792
474287796687213;0.02873042;-0.10534488;9.988609
474287801691901;0.076614454;-0.12449849;9.940725
474287806698151;0.05746084;-0.11492168;9.672575
474287811671588;0.12449849;-0.15322891;9.969456
474287816677838;0.18195933;-0.16280572;9.873688
474287821682526;0.08619126;-0.1340753;9.988609
474287826690338;0.10534488;-0.08619126;9.940725
474287831695026;0.11492168;-0.06703765;9.825804
474287836668463;0.047884032;-0.02873042;9.940725
474287841674713;0.038307227;-0.12449849;9.797073
474287846679401;0.06703765;-0.12449849;9.864111
474287851685651;0.05746084;-0.10534488;9.825804
474287856690338;-0.009576807;-0.18195933;9.883265
474287861696588;0.038307227;-0.076614454;9.883265
474287866671588;0.05746084;-0.1340753;10.01734
474287871676276;0.019153614;-0.06703765;9.825804
474287876680963;0.02873042;-0.076614454;9.844957
474287881687213;0.1436521;-0.11492168;9.902418
474287886693463;0.047884032;-0.11492168;9.873688
474287891698151;0.076614454;-0.1340753;9.816227
474287896671588;0.009576807;-0.12449849;9.816227
474287901677838;0.06703765;-0.095768064;9.816227
474287906684088;0.019153614;-0.076614454;9.854534
474287911690338;0.06703765;-0.095768064;9.80665
474287916695026;0.038307227;-0.1340753;9.864111
474287921668463;0.08619126;-0.16280572;9.921572
474287926674713;0.12449849;-0.16280572;9.873688
474287931679401;0.076614454;-0.08619126;9.739613
474287936685651;0.076614454;-0.1340753;9.710882
474287941691901;0.05746084;-0.12449849;9.892841
474287946698151;0.06703765;-0.05746084;9.902418
474287951671588;0.02873042;-0.076614454;9.835381
474287956677838;0.08619126;-0.019153614;9.816227
474287961682526;0.02873042;-0.19153613;9.787497
474287966688776;0.038307227;-0.076614454;9.720459
474287971693463;0.06703765;-0.12449849;9.854534
474287976699713;0.05746084;-0.10534488;9.825804
474287981673151;0.05746084;-0.05746084;9.825804
474287986679401;0.05746084;-0.1340753;9.77792
474287991684088;0.11492168;-0.095768064;9.797073
474287996690338;0.076614454;-0.11492168;9.835381
474288001695026;0.095768064;-0.1340753;9.854534
474288006670026;0.038307227;-0.11492168;9.864111
474288011674713;0.02873042;-0.06703765;9.835381
474288016679401;0.076614454;-0.12449849;9.873688
474288021687213;0.047884032;-0.11492168;9.873688
474288026691901;0.076614454;-0.095768064;9.902418
474288031698151;0.06703765;-0.15322891;9.902418
474288036671588;0.019153614;-0.06703765;9.864111
474288041677838;0.076614454;-0.12449849;9.873688
474288046682526;0.047884032;-0.1340753;9.864111
474288051688776;0.019153614;-0.10534488;9.892841
474288056695026;0.02873042;-0.1436521;9.758766
474288061668463;0.009576807;-0.15322891;9.80665
474288066673151;0.047884032;-0.12449849;9.883265
474288071679401;0.10534488;-0.18195933;9.854534
474288076685651;0.047884032;-0.16280572;9.902418
474288081690338;0.05746084;-0.095768064;9.844957
474288086696588;0.076614454;-0.095768064;9.854534
474288091670026;0.05746084;-0.15322891;9.739613
474288096676276;0.047884032;-0.076614454;9.883265
474288101680963;0.12449849;-0.06703765;9.816227
474288106687213;0.05746084;-0.20111294;9.902418
474288111693463;0.10534488;-0.1340753;9.739613
474288116698151;0.009576807;-0.10534488;9.921572
474288121673151;0.038307227;-0.06703765;9.844957
474288126677838;0.1340753;-0.076614454;9.768343
474288131682526;0.0;-0.08619126;9.844957
474288136688776;0.076614454;-0.17238252;9.835381
474288141695026;0.047884032;-0.1340753;9.873688
474288146668463;0.076614454;-0.05746084;9.835381
474288151674713;0.038307227;-0.12449849;9.816227
474288156679401;0.08619126;-0.12449849;9.787497
474288161685651;0.047884032;-0.1436521;9.787497
474288166690338;0.038307227;-0.10534488;9.854534
474288171696588;-0.009576807;-0.05746084;9.940725
474288176671588;0.05746084;-0.11492168;9.854534
474288181676276;-0.009576807;-0.1436521;9.883265
474288186682526;0.047884032;-0.08619126;9.854534
474288191687213;0.047884032;-0.1340753;9.825804
474288196693463;0.12449849;-0.20111294;9.835381
474288201698151;0.08619126;-0.18195933;9.768343
474288206673151;0.11492168;-0.095768064;9.80665
474288211677838;0.06703765;-0.12449849;9.931149
474288216684088;0.038307227;-0.1340753;9.80665
474288221690338;0.06703765;-0.12449849;9.902418
474288226695026;0.05746084;-0.076614454;9.835381
474288231668463;0.06703765;-0.18195933;9.864111
474288236674713;0.047884032;-0.11492168;9.825804
474288241679401;0.02873042;-0.047884032;9.835381
474288246685651;0.02873042;-0.095768064;9.883265
474288251691901;0.019153614;-0.15322891;9.854534
474288256696588;0.08619126;-0.10534488;9.864111
474288261671588;0.05746084;-0.047884032;9.864111
474288266676276;0.05746084;-0.18195933;9.864111
474288271682526;0.095768064;0.0;9.835381
474288276688776;0.11492168;-0.1340753;9.825804
474288281693463;0.02873042;-0.076614454;9.844957
474288286699713;0.076614454;-0.047884032;9.892841
474288291673151;0.08619126;-0.1340753;9.864111
474288296679401;0.009576807;-0.18195933;9.80665
474288301684088;0.06703765;-0.06703765;9.892841
474288306690338;0.08619126;-0.095768064;9.864111
474288311695026;0.038307227;-0.18195933;9.80665
474288316670026;0.076614454;-0.16280572;9.80665
474288321674713;0.038307227;-0.095768064;9.844957
474288326680963;0.047884032;-0.05746084;9.797073
474288331687213;0.076614454;-0.095768064;9.768343
474288336691901;0.08619126;-0.095768064;9.940725
474288341696588;0.019153614;-0.1340753;9.844957
474288346673151;0.038307227;-0.10534488;9.816227
474288351677838;0.10534488;-0.22026655;9.816227
474288356684088;0.0;-0.095768064;9.691729
474288361688776;-0.095768064;-0.095768064;10.1226845
474288366695026;0.038307227;-0.047884032;9.442732
474288371668463;0.02873042;-0.05746084;10.007763
474288376673151;0.095768064;-0.15322891;9.825804
474288381679401;0.02873042;-0.11492168;9.835381
474288386698151;0.11492168;-0.18195933;9.787497
474288391690338;0.0;-0.11492168;9.844957
474288396696588;0.06703765;-0.12449849;9.80665
474288401671588;0.02873042;-0.1436521;9.787497
474288406676276;0.10534488;-0.2681506;9.80665
474288411680963;0.076614454;-0.19153613;9.758766
474288416687213;0.05746084;-0.038307227;9.854534
474288421691901;0.15322891;-0.076614454;9.864111
474288426698151;0.08619126;-0.17238252;9.873688
474288431671588;0.095768064;-0.047884032;9.787497
474288436679401;0.047884032;-0.06703765;9.854534
474288441684088;0.02873042;-0.12449849;9.883265
474288446688776;0.02873042;-0.11492168;9.892841
