246511973322854;0.05746084;-0.1436521;9.844957
246511993313479;0.047884032;-0.076614454;9.80665
246512013304104;0.038307227;-0.1340753;9.844957
246512033327542;0.12449849;-0.095768064;10.036493
246512053318167;0.076614454;-0.21068975;9.892841
246512073308792;0.019153614;-0.08619126;9.758766
246512093333792;-0.009576807;-0.12449849;9.787497
246512113322854;0.038307227;-0.06703765;9.653421
246512133313479;0.019153614;-0.08619126;9.844957
246512153335354;0.019153614;-0.1340753;9.864111
246512173325979;0.05746084;-0.18195933;9.864111
246512193319729;0.06703765;-0.16280572;9.730036
246512213308792;0.08619126;-0.08619126;9.787497
246512233330667;0.038307227;-0.06703765;9.835381
246512253321292;0.038307227;-0.16280572;9.80665
246512273311917;0.08619126;-0.08619126;9.825804
246512293336917;0.076614454;-0.10534488;9.739613
246512313325979;0.08619126;-0.076614454;9.768343
246512333315042;0.095768064;-0.05746084;9.864111
246512353307229;0.02873042;-0.21068975;9.816227
246512373329104;-0.009576807;-0.08619126;9.797073
246512393319729;0.019153614;-0.18195933;9.758766
246512413311917;0.047884032;-0.17238252;9.80665
246512433333792;0.02873042;-0.06703765;9.768343
246512453324417;0.06703765;-0.076614454;9.749189
246512473315042;0.019153614;-0.12449849;9.873688
246512493305667;0.02873042;-0.05746084;9.758766
246512513329104;0.047884032;-0.16280572;9.787497
246512533319729;0.06703765;-0.1436521;9.80665
246512553311917;0.047884032;-0.009576807;9.883265
246512573335354;0.02873042;-0.05746084;9.701305
246512593324417;0.1340753;-0.1340753;9.80665
246512613315042;0.1436521;-0.076614454;10.065224
246512633305667;0.18195933;-0.22026655;9.950302
246512653327542;-0.047884032;-0.11492168;9.452309
246512673318167;0.05746084;-0.047884032;10.093954
246512693308792;0.1340753;-0.21068975;9.883265
246512713332229;-0.02873042;-0.16280572;9.414001
246512733322854;0.06703765;-0.038307227;10.228029
246512753315042;0.08619126;-0.095768064;9.605537
246512773336917;0.12449849;-0.1340753;9.950302
246512793329104;-0.009576807;-0.10534488;9.519346
246512813316604;-0.009576807;-0.15322891;9.490616
246512833308792;-0.038307227;-0.12449849;9.557653
246512853330667;0.12449849;-0.076614454;10.1226845
246512873321292;-0.019153614;-0.18195933;9.452309
246512893349417;0.06703765;-0.05746084;10.0269165
246512913333792;0.10534488;-0.095768064;9.80665
246512933325979;-0.05746084;-0.10534488;9.56723
246512953318167;0.18195933;-0.047884032;10.103531
246512973308792;0.23942018;-0.06703765;10.1226845
246512993332229;-0.019153614;-0.08619126;9.5385
246513013319729;0.047884032;-0.23942018;9.5385
246513033311917;-0.10534488;-0.1340753;9.586384
246513053333792;0.20111294;-0.047884032;10.036493
246513073324417;-0.076614454;-0.19153613;9.557653
246513093316604;0.18195933;-0.12449849;10.093954
246513113307229;-0.009576807;-0.20111294;9.5385
246513133329104;0.11492168;-0.038307227;10.0748005
246513153322854;0.1436521;-0.095768064;10.132261
246513173310354;-0.05746084;-0.17238252;9.5385
246513193335354;-0.019153614;-0.2777274;9.5385
246513213324417;0.009576807;-0.1436521;9.634268
246513233313479;0.06703765;-0.06703765;9.902418
246513253305667;-0.019153614;-0.10534488;9.787497
246513273327542;0.10534488;-0.12449849;9.911995
246513293321292;0.047884032;-0.1436521;9.892841
246513313310354;0.12449849;-0.17238252;9.9790325
246513333332229;-0.038307227;-0.047884032;9.662998
246513353322854;-0.06703765;-0.10534488;9.595961
246513373313479;0.009576807;-0.20111294;9.662998
246513393335354;0.095768064;0.0;9.883265
246513413327542;0.12449849;-0.18195933;9.80665
246513433318167;-0.019153614;-0.047884032;9.643845
246513453308792;0.20111294;-0.19153613;10.103531
246513473333792;0.15322891;-0.12449849;10.208876
246513493324417;0.02873042;-0.08619126;9.481039
246513513313479;0.02873042;-0.16280572;9.691729
246513533335354;0.21068975;-0.16280572;10.0748005
246513553325979;0.0;-0.10534488;9.682152
246513573316604;0.019153614;-0.038307227;9.9790325
246513593307229;0.18195933;-0.19153613;10.01734
246513613330667;-0.02873042;-0.05746084;9.528923
246513633319729;0.08619126;-0.10534488;10.113108
246513653311917;0.17238252;-0.17238252;9.816227
246513673335354;0.15322891;-0.18195933;9.950302
246513693325979;-0.06703765;0.0;9.672575
246513713315042;0.10534488;-0.15322891;9.739613
246513733307229;0.11492168;-0.15322891;10.084377
246513753329104;0.1436521;-0.095768064;9.80665
246513773319729;-0.12449849;-0.019153614;9.672575
246513793311917;0.11492168;-0.1436521;10.036493
246513813332229;0.08619126;-0.11492168;9.77792
246513833324417;-0.08619126;0.019153614;9.768343
246513853315042;0.095768064;-0.12449849;10.0269165
246513873307229;-0.08619126;-0.019153614;9.758766
246513894163479;0.11492168;-0.1436521;10.103531
246513913318167;-0.019153614;0.0;9.950302
246513933310354;0.17238252;-0.12449849;9.701305
246513953332229;-0.06703765;-0.009576807;9.701305
246513973322854;-0.019153614;0.0;10.01734
246513993313479;0.21068975;-0.18195933;9.883265
246514013335354;0.12449849;-0.15322891;9.682152
246514033327542;-0.076614454;0.038307227;9.797073
246514053318167;0.076614454;-0.038307227;9.691729
246514073308792;0.1340753;-0.12449849;9.710882
246514093333792;-0.1436521;-0.02873042;9.797073
246514113322854;-0.009576807;-0.009576807;9.988609
246514133313479;0.22984336;-0.16280572;9.902418
246514153333792;0.16280572;-0.1436521;9.797073
246514173329104;-0.047884032;0.02873042;9.816227
246514193316604;-0.047884032;0.0;9.892841
246514213307229;0.05746084;-0.10534488;9.682152
246514233330667;0.17238252;-0.17238252;9.825804
246514253321292;0.20111294;-0.18195933;9.730036
246514273311917;-0.047884032;-0.038307227;9.844957
246514293336917;0.038307227;-0.06703765;9.902418
246514313325979;0.22984336;-0.20111294;9.787497
246514333316604;0.15322891;-0.23942018;9.720459
246514353307229;0.009576807;-0.11492168;9.710882
246514373330667;-0.10534488;0.038307227;9.902418
246514393319729;-0.076614454;0.009576807;9.931149
246514413311917;-0.019153614;-0.02873042;9.816227
246514433333792;0.22984336;-0.21068975;9.77792
246514453324417;-0.019153614;0.019153614;9.844957
246514473315042;-0.08619126;0.08619126;9.921572
246514493308792;-0.05746084;0.047884032;9.959879
246514513329104;-0.02873042;0.0;9.9790325
246514533318167;0.1340753;-0.23942018;9.835381
246514553311917;0.16280572;-0.2681506;9.768343
246514573333792;0.17238252;-0.23942018;9.730036
246514593325979;0.18195933;-0.22984336;9.758766
246514613313479;-0.009576807;-0.009576807;9.959879
246514633305667;-0.019153614;0.0;9.9790325
246514653327542;-0.076614454;0.05746084;9.950302
246514673318167;-0.047884032;0.0;9.940725
246514693311917;-0.02873042;-0.08619126;9.873688
246514713332229;0.095768064;-0.06703765;9.864111
246514733322854;0.019153614;0.009576807;9.988609
246514753313479;0.1436521;-0.20111294;9.730036
246514773335354;0.15322891;-0.17238252;9.787497
246514793325979;0.1436521;-0.08619126;9.825804
246514813316604;0.15322891;-0.16280572;9.80665
246514833308792;0.16280572;-0.08619126;9.921572
246514853330667;0.1436521;-0.12449849;9.892841
246514873322854;-0.05746084;-0.02873042;9.749189
246514893311917;0.19153613;-0.20111294;9.940725
246514913333792;-0.047884032;-0.019153614;9.902418
246514933325979;-0.019153614;-0.038307227;9.911995
246514953316604;0.009576807;0.0;9.950302
246514973307229;0.019153614;-0.06703765;9.940725
246514993329104;0.047884032;-0.02873042;10.01734
246515013319729;0.08619126;-0.06703765;9.959879
246515033310354;0.06703765;-0.2777274;9.691729
246515053333792;0.15322891;-0.12449849;9.959879
246515073324417;-0.12449849;0.22026655;9.959879
246515093316604;-0.08619126;0.17238252;9.921572
246515113305667;0.02873042;0.10534488;10.0269165
246515133329104;0.16280572;0.019153614;9.892841
246515153321292;0.17238252;-0.08619126;9.931149
246515173311917;0.2873042;-0.24899697;9.988609
246515193335354;-0.20111294;0.18195933;9.835381
246515213322854;0.2873042;-0.45010993;9.80665
246515233313479;0.20111294;-0.45010993;9.739613
246515253305667;0.34476504;-0.48841715;9.768343
246515273327542;0.24899697;-0.47884035;9.691729
246515293319729;0.11492168;-0.45010993;9.586384
246515313310354;-0.02873042;-0.1340753;9.749189
246515333332229;-0.1340753;0.05746084;9.77792
246515353324417;-0.19153613;0.22026655;9.931149
246515373313479;0.24899697;-0.4213795;9.701305
246515393335354;0.1340753;0.009576807;9.931149
246515413325979;0.019153614;0.15322891;10.055647
246515433318167;0.20111294;-0.12449849;9.854534
246515453308792;0.2873042;-0.36391866;9.710882
246515473330667;0.20111294;-0.35434186;9.710882
246515493322854;-0.047884032;-0.12449849;9.77792
246515513311917;-0.08619126;0.16280572;9.921572
246515533335354;0.12449849;-0.36391866;9.710882
246515553325979;0.24899697;-0.095768064;9.835381
246515573316604;0.17238252;0.009576807;9.883265
246515593308792;0.25857377;-0.40222588;9.701305
246515613330667;-0.038307227;-0.22026655;9.739613
246515633319729;-0.15322891;0.25857377;9.988609
246515653311917;-0.019153614;0.16280572;10.01734
246515673335354;0.29688102;-0.2873042;9.864111
246515693327542;-0.10534488;0.36391866;10.084377
246515713315042;-0.08619126;-0.047884032;9.844957
246515733307229;-0.05746084;-0.05746084;9.816227
246515753329104;-0.047884032;0.31603462;10.084377
246515773319729;0.08619126;-0.095768064;9.873688
246515793310354;0.20111294;-0.4213795;9.624691
246515813332229;-0.019153614;-0.10534488;9.797073
246515833324417;-0.095768064;0.32561144;10.093954
246515853313479;0.1340753;-0.12449849;9.80665
246515873305667;0.12449849;-0.47884035;9.605537
246515893327542;-0.076614454;0.038307227;9.911995
246515913318167;-0.05746084;0.11492168;9.969456
246515933310354;0.047884032;0.009576807;10.007763
246515953332229;0.095768064;-0.4405331;9.605537
246515973322854;0.0;-0.11492168;9.854534
246515993315042;0.06703765;0.1340753;10.01734
246516013335354;0.08619126;-0.2777274;9.605537
246516033327542;0.047884032;0.02873042;9.9790325
246516053318167;0.047884032;0.095768064;9.988609
246516073308792;0.11492168;0.10534488;10.036493
246516093332229;0.19153613;-0.32561144;9.576807
246516113322854;-0.009576807;-0.02873042;9.940725
246516133313479;0.095768064;-0.009576807;9.921572
246516153335354;0.047884032;-0.36391866;9.615114
246516173325979;-0.047884032;0.12449849;10.065224
246516193318167;0.18195933;-0.22026655;9.77792
246516213307229;0.06703765;0.019153614;10.007763
246516233330667;0.02873042;0.12449849;10.0269165
246516253321292;0.15322891;-0.02873042;9.931149
246516273311917;0.038307227;-0.29688102;9.615114
246516293333792;-0.009576807;0.15322891;10.084377
246516313324417;0.20111294;-0.4309563;9.442732
246516333316604;-0.019153614;0.11492168;9.950302
246516353307229;-0.06703765;-0.038307227;9.816227
246516373329104;0.08619126;0.0;9.969456
246516393319729;0.08619126;0.10534488;10.01734
246516413310354;0.19153613;-0.39264908;9.643845
246516433333792;-0.06703765;-0.06703765;9.768343
246516453324417;0.095768064;0.0;9.873688
246516473315042;0.05746084;-0.2873042;9.615114
246516493307229;0.019153614;0.24899697;10.084377
246516513327542;-0.019153614;0.25857377;10.141838
246516533318167;0.076614454;-0.5267244;9.519346
246516553310354;0.1436521;-0.51714754;9.500193
246516573332229;-0.02873042;-0.047884032;9.797073
246516593324417;0.12449849;-0.19153613;9.883265
246516613313479;-0.009576807;-0.06703765;9.854534
246516633336917;0.10534488;-0.18195933;9.816227
246516653327542;0.038307227;-0.06703765;9.844957
246516673319729;-0.019153614;-0.10534488;9.825804
246516693311917;-0.019153614;0.047884032;9.940725
246516713330667;0.06703765;0.18195933;10.180145
246516733321292;0.05746084;-0.35434186;9.643845
246516753313479;0.047884032;0.06703765;10.055647
246516773335354;-0.019153614;-0.22984336;9.653421
246516793325979;0.05746084;-0.076614454;9.902418
246516813316604;-0.009576807;-0.076614454;9.921572
246516833307229;0.0;-0.02873042;10.01734
246516853330667;0.10534488;-0.35434186;9.691729
246516873321292;0.076614454;-0.38307226;9.528923
246516893311917;-0.019153614;0.11492168;9.864111
246516913335354;0.11492168;-0.39264908;9.576807
246516933324417;0.038307227;0.19153613;10.151415
246516953318167;0.038307227;-0.4309563;9.471462
246516973308792;0.10534488;0.0;10.04607
246516993330667;0.16280572;-0.15322891;9.873688
246517013319729;0.17238252;-0.39264908;9.557653
246517033310354;-0.019153614;0.095768064;9.921572
246517053333792;0.17238252;-0.45968673;9.615114
246517073324417;-0.02873042;0.32561144;10.228029
246517093315042;-0.009576807;-0.25857377;9.586384
246517113305667;0.20111294;-0.38307226;9.710882
246517133329104;-0.08619126;0.39264908;10.151415
246517153319729;-0.11492168;0.38307226;10.141838
246517173310354;0.1436521;-0.18195933;9.864111
246517193332229;-0.019153614;-0.21068975;9.662998
246517213322854;0.20111294;-0.5650316;9.653421
246517233313479;-0.019153614;0.34476504;10.218452
246517253305667;0.0;-0.15322891;9.720459
246517273327542;0.1436521;-0.545878;9.576807
246517293318167;-0.019153614;0.34476504;10.218452
246517313308792;0.076614454;-0.08619126;10.007763
246517333330667;-0.095768064;0.40222588;10.1226845
246517353322854;0.10534488;0.019153614;10.065224
246517373313479;0.06703765;-0.2681506;9.615114
246517393335354;0.1436521;-0.47884035;9.595961
246517413325979;-0.019153614;0.21068975;10.113108
246517433316604;-0.047884032;0.24899697;9.883265
246517453307229;0.21068975;-0.60333884;9.557653
246517473330667;0.18195933;-0.4405331;9.873688
246517493322854;-0.038307227;0.40222588;10.199299
246517513311917;0.05746084;-0.11492168;9.921572
246517533333792;0.19153613;-0.6703765;9.519346
246517553325979;-0.05746084;0.39264908;10.151415
246517573316604;-0.05746084;0.32561144;9.940725
246517593307229;0.18195933;-0.49799395;9.5385
246517613329104;0.21068975;-0.6512229;9.595961
246517633319729;-0.05746084;0.19153613;9.9790325
246517653311917;-0.12449849;0.46926352;10.151415
246517673335354;-0.02873042;0.06703765;9.9790325
246517693327542;0.25857377;-0.63206923;9.56723
246517713315042;-0.08619126;0.16280572;10.036493
246517733305667;-0.10534488;0.45968673;10.132261
246517753329104;0.02873042;0.1340753;10.007763
246517773319729;0.16280572;-0.4309563;9.662998
246517793311917;0.1436521;-0.6607997;9.519346
246517813332229;0.08619126;-0.08619126;9.854534
246517833322854;0.17238252;-0.5267244;9.739613
246517853313479;0.076614454;0.038307227;9.883265
246517873305667;0.23942018;-0.36391866;9.739613
246517893327542;0.25857377;-0.641646;9.548077
246517913316604;0.15322891;-0.5746084;9.471462
246517933308792;0.02873042;-0.16280572;9.768343
246517953333792;0.22026655;-0.545878;9.615114
246517973322854;-0.1340753;0.45010993;10.170568
246517993315042;0.18195933;-0.24899697;9.835381
246518013335354;0.23942018;-0.5554548;9.643845
246518033327542;0.22026655;-0.7757214;9.528923
246518053316604;0.16280572;-0.5650316;9.548077
246518073308792;0.038307227;-0.33518824;9.643845
246518093332229;-0.019153614;-0.11492168;9.797073
246518113321292;0.24899697;-0.5554548;9.672575
246518133311917;-0.08619126;0.37349546;10.0269165
246518153333792;0.06703765;0.095768064;9.988609
246518173325979;0.1340753;-0.047884032;9.959879
246518193318167;0.18195933;-0.21068975;9.873688
246518213307229;0.23942018;-0.36391866;9.758766
246518233330667;0.31603462;-0.45968673;9.768343
246518253319729;0.25857377;-0.51714754;9.730036
246518273311917;0.2777274;-0.48841715;9.730036
246518293335354;0.038307227;-0.40222588;9.624691
246518313324417;0.08619126;-0.2873042;9.739613
246518333315042;-0.009576807;-0.2873042;9.643845
246518353307229;-0.076614454;-0.17238252;9.720459
246518373329104;-0.038307227;-0.19153613;9.720459
246518393319729;-0.038307227;-0.15322891;9.701305
246518413310354;0.22984336;-0.15322891;10.036493
246518433332229;0.1436521;-0.095768064;10.0269165
246518453324417;0.009576807;-0.34476504;9.615114
246518473315042;-0.1340753;0.18195933;9.80665
246518493307229;-0.19153613;0.10534488;9.787497
246518513327542;-0.10534488;0.0;9.624691
246518533318167;-0.05746084;-0.18195933;9.691729
246518553311917;-0.038307227;-0.20111294;9.615114
246518573333792;0.16280572;-0.08619126;9.9790325
246518593324417;0.22026655;-0.4309563;9.720459
246518613313479;-0.05746084;-0.10534488;9.653421
246518633336917;0.05746084;-0.2777274;9.662998
246518653327542;0.11492168;-0.40222588;9.730036
246518673318167;0.22984336;-0.45968673;9.864111
246518693311917;0.2681506;-0.34476504;9.902418
246518713330667;-0.19153613;0.076614454;9.749189
246518733321292;0.05746084;0.06703765;10.036493
246518753311917;0.16280572;-0.05746084;10.055647
246518773335354;0.076614454;0.095768064;10.093954
246518793325979;-0.10534488;0.1340753;9.844957
246518813316604;-0.076614454;-0.019153614;9.672575
246518833307229;-0.009576807;-0.23942018;9.586384
246518853330667;0.047884032;0.17238252;10.160992
246518873319729;0.2873042;-0.29688102;9.911995
246518893311917;0.18195933;-0.33518824;9.883265
246518913333792;0.17238252;-0.08619126;10.04607
246518933325979;-0.019153614;0.18195933;10.160992
246518953315042;-0.17238252;0.16280572;9.844957
246518973308792;-0.05746084;-0.1436521;9.56723
246518993330667;0.06703765;0.10534488;10.1226845
246519013319729;-0.08619126;0.19153613;9.911995
246519033310354;0.009576807;0.047884032;10.055647
246519053332229;0.12449849;0.038307227;10.103531
246519073324417;-0.10534488;0.22026655;9.921572
246519093315042;-0.095768064;-0.06703765;9.56723
246519113305667;0.16280572;-0.40222588;9.682152
246519133327542;0.2777274;-0.2873042;10.0269165
246519153318167;-0.047884032;-0.22026655;9.471462
246519173310354;-0.06703765;0.05746084;9.634268
246519193333792;-0.1436521;-0.02873042;9.624691
246519213322854;0.15322891;-0.37349546;9.624691
246519233313479;0.25857377;-0.1340753;10.084377
246519253335354;-0.02873042;0.21068975;10.0748005
246519273329104;-0.038307227;-0.095768064;9.519346
246519293319729;-0.038307227;0.22026655;10.266336
246519313308792;0.1436521;0.02873042;10.208876
246519333330667;0.009576807;0.21068975;10.180145
246519353322854;-0.12449849;0.0;9.595961
246519373313479;0.21068975;-0.40222588;9.5385
246519393335354;0.19153613;-0.038307227;10.1226845
246519413325979;-0.095768064;0.25857377;10.055647
246519433316604;0.10534488;-0.45010993;9.346964
246519453307229;-0.19153613;0.22026655;10.04607
246519473330667;-0.16280572;0.40222588;10.266336
246519493322854;0.009576807;-0.33518824;9.346964
246519513311917;0.1436521;-0.5554548;9.203311
246519533333792;0.16280572;-0.009576807;10.170568
246519553324417;-0.25857377;0.38307226;9.969456
246519573318167;0.19153613;-0.59376204;9.270349
246519593308792;0.23942018;-0.02873042;10.0748005
246519613329104;0.32561144;-0.51714754;9.414001
246519633319729;0.009576807;0.18195933;10.295067
246519653310354;0.12449849;0.06703765;10.141838
246519673332229;-0.1436521;0.29688102;9.9790325
246519693325979;0.12449849;-0.36391866;9.375694
246519713315042;0.19153613;-0.019153614;10.199299
246519733307229;-0.1436521;0.019153614;9.749189
246519753330667;0.39264908;-0.4213795;9.768343
246519773321292;-0.1436521;0.33518824;10.208876
246519793311917;0.16280572;-0.12449849;10.1226845
246519813332229;0.1436521;0.076614454;10.199299
246519833322854;-0.19153613;0.34476504;10.084377
246519853313479;0.2681506;-0.45010993;9.481039
246519873336917;-0.009576807;0.02873042;10.237606
246519893327542;-0.06703765;-0.23942018;9.32781
246519913318167;0.25857377;-0.1436521;10.084377
246519933308792;-0.19153613;0.20111294;9.720459
246519953333792;-0.20111294;0.19153613;10.055647
246519973322854;0.30645782;-0.41180268;9.662998
246519993315042;0.36391866;-0.39264908;9.720459
246520013335354;0.06703765;-0.038307227;10.170568
246520033327542;0.06703765;-0.17238252;9.471462
246520053316604;0.10534488;-0.10534488;10.1226845
246520073307229;-0.02873042;-0.11492168;9.557653
246520093332229;0.076614454;-0.019153614;10.055647
246520113321292;0.25857377;-0.25857377;9.883265
246520133311917;-0.12449849;0.0;9.643845
246520153335354;-0.19153613;0.095768064;9.787497
246520173325979;0.2873042;-0.20111294;9.864111
246520193318167;-0.12449849;0.019153614;9.710882
246520213307229;0.22984336;-0.1340753;10.007763
246520233329104;0.009576807;-0.08619126;9.653421
246520253319729;0.095768064;0.02873042;10.01734
246520273313479;0.10534488;-0.076614454;9.969456
246520293335354;-0.08619126;0.095768064;10.103531
246520313324417;-0.02873042;-0.15322891;9.605537
246520333315042;0.019153614;-0.038307227;10.084377
246520353305667;0.17238252;-0.2777274;9.672575
246520373329104;-0.076614454;0.08619126;9.969456
246520393318167;0.32561144;-0.21068975;9.883265
246520413308792;-0.076614454;-0.10534488;9.77792
246520433332229;0.05746084;0.06703765;10.065224
246520453322854;0.21068975;-0.30645782;9.634268
246520473316604;0.20111294;-0.32561144;9.500193
246520493307229;0.35434186;-0.24899697;9.816227
246520513327542;-0.18195933;0.17238252;9.931149
246520533318167;0.24899697;-0.19153613;9.883265
246520553308792;0.047884032;-0.19153613;9.557653
246520573332229;-0.10534488;0.10534488;10.084377
246520593324417;0.2777274;-0.2873042;9.787497
246520613313479;0.29688102;-0.2873042;9.758766
246520633335354;-0.038307227;0.019153614;10.007763
246520653325979;0.10534488;-0.29688102;9.672575
246520673316604;-0.18195933;0.15322891;9.959879
246520693308792;0.095768064;-0.08619126;9.931149
246520713330667;0.15322891;-0.35434186;9.701305
246520733321292;-0.15322891;0.019153614;9.787497
246520753315042;-0.05746084;-0.1436521;9.749189
246520773333792;0.23942018;-0.33518824;9.758766
246520793325979;-0.20111294;0.17238252;9.988609
246520813316604;0.22984336;-0.06703765;9.911995
246520833307229;0.23942018;-0.41180268;9.653421
246520853329104;-0.18195933;0.02873042;9.768343
246520873322854;-0.047884032;0.22984336;10.141838
246520893311917;-0.16280572;0.30645782;10.04607
246520913333792;0.12449849;-0.33518824;9.595961
246520933324417;-0.095768064;0.22984336;10.1226845
246520953315042;0.33518824;-0.2777274;9.921572
246520973307229;0.22984336;-0.4309563;9.461885
246520993329104;-0.20111294;0.11492168;9.864111
246521013319729;-0.11492168;0.18195933;10.04607
246521033310354;-0.31603462;0.24899697;9.940725
246521053332229;0.32561144;-0.46926352;9.710882
246521073324417;-0.095768064;0.0;9.835381
246521093315042;0.02873042;-0.038307227;9.931149
246521113305667;0.33518824;-0.37349546;9.883265
246521133327542;0.25857377;-0.31603462;9.691729
246521153319729;-0.18195933;0.095768064;9.749189
246521173311917;-0.22026655;0.18195933;9.873688
246521193333792;-0.10534488;0.076614454;9.787497
246521213322854;0.2873042;-0.32561144;9.816227
246521233313479;0.038307227;-0.1340753;9.797073
246521253335354;-0.21068975;0.10534488;9.691729
246521273325979;-0.095768064;0.02873042;9.883265
246521293319729;0.02873042;-0.10534488;9.825804
246521313308792;0.2681506;-0.24899697;9.892841
246521333330667;-0.047884032;0.0;9.825804
246521353321292;0.17238252;-0.22026655;9.864111
246521373311917;-0.12449849;0.12449849;9.730036
246521393335354;-0.1340753;0.019153614;9.739613
246521413325979;0.02873042;-0.019153614;9.892841
246521433316604;0.1436521;-0.21068975;9.911995
246521453307229;0.31603462;-0.2777274;9.940725
246521473332229;0.22026655;-0.20111294;9.739613
246521493322854;0.08619126;-0.11492168;9.950302
246521513310354;0.095768064;-0.1340753;9.758766
246521533333792;-0.10534488;0.047884032;9.787497
246521553324417;-0.1436521;0.06703765;9.883265
246521573315042;-0.06703765;-0.05746084;9.730036
246521593305667;0.08619126;-0.10534488;9.921572
246521613329104;0.06703765;-0.08619126;9.816227
246521633319729;0.16280572;-0.24899697;9.902418
246521653310354;-0.12449849;0.0;9.624691
246521673332229;0.1436521;-0.32561144;9.844957
246521693324417;0.1436521;-0.15322891;9.835381
246521713315042;0.10534488;-0.08619126;9.77792
246521733304104;0.05746084;-0.019153614;9.883265
246521753327542;0.10534488;-0.076614454;9.739613
246521773321292;0.08619126;-0.06703765;9.739613
246521793311917;0.1340753;-0.20111294;9.940725
246521813330667;0.05746084;-0.1436521;9.959879
246521833322854;0.076614454;-0.1340753;9.720459
246521853313479;0.009576807;-0.038307227;9.576807
246521873335354;-0.047884032;0.0;9.624691
246521893327542;0.02873042;-0.047884032;9.586384
246521913318167;0.038307227;-0.06703765;9.605537
246521933308792;0.038307227;-0.1340753;9.720459
246521953332229;0.08619126;-0.1340753;9.576807
246521973321292;0.10534488;-0.1340753;10.055647
246521993315042;0.17238252;-0.17238252;9.662998
246522013335354;0.076614454;-0.20111294;9.557653
246522033325979;0.10534488;-0.15322891;9.672575
246522053316604;0.22984336;-0.20111294;9.77792
246522073307229;0.12449849;-0.20111294;9.854534
246522093330667;0.25857377;-0.19153613;9.883265
246522113321292;-0.10534488;0.11492168;9.873688
246522133311917;-0.15322891;0.10534488;9.797073
246522153333792;0.06703765;-0.095768064;9.9790325
246522173325979;0.1340753;-0.21068975;9.988609
246522193318167;0.08619126;-0.08619126;9.940725
246522213305667;-0.1340753;0.0;9.931149
246522233329104;-0.12449849;0.05746084;9.77792
246522253319729;-0.019153614;0.019153614;9.653421
246522273311917;0.009576807;-0.08619126;9.634268
246522293335354;0.095768064;-0.22984336;9.940725
246522313324417;0.2681506;-0.19153613;9.835381
246522333315042;0.18195933;-0.22026655;9.921572
246522353305667;0.095768064;-0.1436521;9.892841
246522373327542;0.019153614;-0.047884032;9.9790325
246522393318167;-0.11492168;0.009576807;9.844957
246522413310354;-0.047884032;0.009576807;9.701305
246522433332229;0.15322891;-0.11492168;9.701305
246522453322854;-0.06703765;0.0;9.873688
246522473313479;0.05746084;-0.10534488;10.01734
246522493338479;0.047884032;-0.15322891;9.959879
246522513325979;-0.095768064;-0.038307227;9.883265
246522533318167;-0.047884032;0.0;9.701305
246522553308792;0.18195933;-0.17238252;9.710882
246522573332229;0.15322891;-0.15322891;9.873688
246522593324417;-0.019153614;-0.17238252;9.902418
246522613311917;0.15322891;-0.08619126;9.624691
246522633335354;0.06703765;0.0;9.662998
246522653325979;0.11492168;-0.076614454;9.653421
246522673316604;0.22026655;-0.10534488;9.883265
246522693307229;-0.047884032;-0.019153614;9.959879
246522713330667;-0.08619126;0.009576807;9.787497
246522733321292;0.1436521;-0.11492168;9.749189
246522753315042;-0.05746084;0.0;9.873688
246522773333792;-0.06703765;-0.08619126;9.864111
246522793327542;-0.17238252;0.0;9.883265
246522813316604;0.1436521;-0.12449849;9.739613
246522833305667;0.21068975;-0.19153613;9.787497
246522853329104;-0.076614454;-0.019153614;9.80665
246522873321292;-0.019153614;0.0;9.864111
246522893347854;0.22026655;-0.22026655;9.835381
246522913333792;-0.019153614;-0.076614454;9.844957
246522933324417;-0.047884032;-0.019153614;9.864111
246522953315042;0.02873042;-0.038307227;9.787497
246522973305667;0.12449849;-0.15322891;9.940725
246522993330667;-0.05746084;-0.05746084;9.758766
246523013318167;0.02873042;-0.095768064;9.787497
246523033310354;0.17238252;-0.17238252;9.873688
246523053332229;-0.10534488;-0.047884032;9.758766
246523073325979;0.12449849;-0.19153613;9.902418
246523093315042;-0.06703765;0.019153614;9.797073
246523113305667;-0.02873042;-0.11492168;9.749189
246523133327542;0.095768064;-0.06703765;9.844957
246523153318167;0.1436521;-0.23942018;9.835381
246523173308792;-0.06703765;-0.11492168;9.77792
246523193332229;0.16280572;-0.019153614;9.902418
246523213322854;-0.019153614;-0.08619126;9.758766
246523233313479;0.009576807;0.038307227;9.902418
246523253335354;-0.02873042;-0.11492168;9.662998
246523273325979;-0.038307227;-0.047884032;9.873688
246523293318167;0.10534488;-0.02873042;9.883265
246523313308792;0.047884032;-0.17238252;9.701305
246523333330667;0.0;-0.047884032;9.768343
246523353321292;0.1436521;-0.23942018;9.797073
246523373315042;0.019153614;-0.08619126;9.730036
246523393333792;0.038307227;-0.1436521;9.969456
246523413325979;0.076614454;-0.16280572;9.720459
246523433316604;0.0;-0.18195933;9.768343
246523453307229;-0.05746084;-0.20111294;9.615114
246523473329104;0.08619126;-0.05746084;9.758766
246523493322854;0.10534488;-0.16280572;9.80665
246523513311917;0.05746084;-0.18195933;9.80665
246523533333792;0.009576807;-0.06703765;9.835381
246523553325979;0.06703765;-0.17238252;9.797073
246523573315042;-0.019153614;-0.08619126;9.931149
246523593308792;0.095768064;-0.19153613;9.758766
246523613329104;0.05746084;-0.1436521;9.988609
246523633319729;-0.02873042;-0.1340753;9.557653
246523653310354;0.047884032;-0.06703765;9.931149
246523673332229;0.047884032;-0.1340753;9.710882
246523693322854;-0.009576807;-0.05746084;9.921572
246523713313479;0.08619126;-0.095768064;9.787497
246523733305667;0.076614454;-0.16280572;9.615114
246523753327542;0.08619126;0.038307227;9.9790325
246523773318167;-0.019153614;-0.17238252;9.768343
246523793310354;0.10534488;-0.02873042;9.950302
246523813330667;0.047884032;-0.19153613;9.481039
246523833322854;0.08619126;-0.038307227;10.103531
246523853313479;0.076614454;-0.2873042;9.519346
246523873336917;-0.06703765;0.038307227;10.0269165
246523894161917;0.08619126;0.05746084;10.084377
246523913316604;-0.019153614;-0.17238252;9.624691
246523933308792;0.1340753;-0.076614454;9.940725
246523953330667;0.038307227;-0.22026655;9.509769
246523973321292;-0.047884032;0.08619126;10.237606
246523993315042;0.25857377;-0.33518824;9.576807
246524013335354;-0.11492168;-0.038307227;9.710882
246524033325979;0.08619126;-0.02873042;10.1226845
246524053316604;0.22984336;-0.02873042;10.065224
246524073307229;-0.17238252;0.1436521;10.189722
246524093330667;0.20111294;-0.05746084;9.988609
246524113319729;-0.17238252;-0.047884032;9.682152
246524133311917;-0.047884032;0.08619126;10.237606
246524153333792;0.34476504;-0.32561144;9.5385
246524173324417;-0.18195933;-0.02873042;9.682152
246524193318167;-0.076614454;0.11492168;10.151415
246524213305667;0.4213795;-0.39264908;9.548077
246524233329104;0.39264908;-0.41180268;9.586384
246524253318167;-0.19153613;0.1436521;10.237606
246524273310354;0.35434186;-0.41180268;9.56723
246524293335354;-0.25857377;0.15322891;9.710882
246524313322854;0.02873042;0.02873042;10.266336
246524333315042;0.46926352;-0.29688102;9.816227
246524353305667;-0.06703765;-0.15322891;9.519346
246524373329104;-0.2777274;0.21068975;9.883265
246524393318167;-0.2873042;0.21068975;9.710882
246524413310354;0.08619126;-0.17238252;9.394848
246524433332229;-0.20111294;0.076614454;9.710882
246524453322854;-0.009576807;-0.009576807;10.141838
246524473313479;0.32561144;-0.25857377;9.9790325
246524493335354;0.16280572;-0.31603462;9.509769
246524513327542;-0.17238252;0.1436521;9.56723
246524533316604;-0.05746084;0.009576807;9.385271
246524553308792;0.22026655;-0.25857377;10.314221
246524573330667;0.08619126;-0.25857377;9.346964
246524593324417;-0.1436521;0.076614454;9.509769
246524613311917;-0.038307227;0.095768064;10.103531
246524633335354;0.10534488;-0.18195933;10.400413
246524653325979;0.22984336;-0.25857377;9.921572
246524673318167;0.17238252;-0.15322891;9.3661175
246524693310354;0.019153614;-0.038307227;9.299079
246524713329104;-0.06703765;-0.019153614;10.180145
246524733321292;0.038307227;-0.095768064;10.352529
246524753311917;0.15322891;-0.22984336;9.969456
246524773333792;0.23942018;-0.16280572;9.481039
246524793325979;0.08619126;-0.17238252;9.232041
246524813315042;-0.019153614;-0.12449849;9.548077
246524833307229;0.22026655;-0.15322891;9.222465
246524853329104;0.095768064;-0.19153613;9.481039
246524873319729;-0.047884032;0.0;10.266336
246524893310354;0.22984336;-0.22984336;9.5385
246524913333792;0.29688102;-0.23942018;9.423578
246524933324417;0.22984336;-0.30645782;9.414001
246524953315042;0.095768064;-0.10534488;9.653421
246524973307229;-0.05746084;0.0;9.797073
246524993330667;0.32561144;-0.2681506;9.528923
246525013318167;0.11492168;-0.18195933;9.56723
246525033310354;0.05746084;-0.06703765;10.04607
246525053332229;0.25857377;-0.076614454;9.873688
246525073322854;0.36391866;-0.20111294;9.758766
246525093313479;0.39264908;-0.25857377;9.615114
246525113335354;0.34476504;-0.38307226;9.586384
246525133327542;0.35434186;-0.33518824;9.500193
246525153318167;0.18195933;-0.20111294;10.065224
246525173308792;0.21068975;-0.23942018;9.509769
246525193333792;-0.095768064;0.0;9.509769
246525213322854;-0.12449849;0.0;9.624691
246525233313479;-0.10534488;0.038307227;9.557653
246525253335354;-0.1340753;0.06703765;9.634268
246525273325979;-0.08619126;0.038307227;9.595961
246525293316604;-0.038307227;0.0;9.624691
246525313307229;0.31603462;-0.29688102;9.509769
246525333330667;0.32561144;-0.2873042;9.471462
246525353321292;0.0;-0.095768064;9.519346
246525373311917;-0.24899697;0.076614454;9.864111
246525393333792;-0.1340753;0.0;9.844957
246525413325979;-0.076614454;0.019153614;9.720459
246525433316604;-0.02873042;-0.009576807;9.509769
246525453307229;0.019153614;-0.019153614;9.356541
246525473330667;0.4213795;-0.39264908;9.643845
246525493321292;0.29688102;-0.35434186;9.816227
246525513310354;0.32561144;-0.38307226;9.097966
246525533333792;0.10534488;-0.10534488;9.3182335
246525553324417;0.2681506;-0.2681506;9.241618
246525573315042;0.33518824;-0.36391866;9.14585
246525593305667;0.29688102;-0.37349546;9.423578
246525613327542;0.25857377;-0.37349546;9.701305
246525633318167;-0.16280572;0.22026655;10.199299
246525653310354;-0.05746084;-0.11492168;10.237606
246525673332229;0.009576807;-0.19153613;10.247183
246525693324417;-0.15322891;0.038307227;10.28549
246525713315042;-0.18195933;0.1340753;10.228029
246525733336917;-0.095768064;0.15322891;9.921572
246525753327542;0.1340753;0.02873042;9.595961
246525773319729;0.30645782;-0.22984336;9.423578
246525793310354;-0.11492168;0.0;10.189722
246525813330667;0.16280572;-0.25857377;9.787497
246525833322854;0.11492168;-0.29688102;9.739613
246525853311917;-0.1340753;0.02873042;10.160992
246525873335354;-0.2681506;0.15322891;10.199299
246525893325979;0.0;0.019153614;9.835381
246525913316604;0.30645782;-0.1340753;9.634268
246525933307229;-0.1436521;-0.009576807;9.969456
246525953330667;-0.019153614;-0.12449849;9.873688
246525973321292;-0.076614454;-0.10534488;9.988609
246525993315042;-0.19153613;0.095768064;9.959879
246526013335354;0.05746084;-0.038307227;9.80665
246526033325979;0.32561144;-0.34476504;9.586384
246526053316604;0.15322891;-0.19153613;9.835381
246526073307229;0.009576807;0.0;9.787497
246526093330667;-0.05746084;0.095768064;9.816227
246526113319729;0.076614454;-0.1436521;9.691729
246526133311917;0.33518824;-0.38307226;9.634268
246526153333792;0.038307227;-0.15322891;9.959879
246526173324417;-0.19153613;0.10534488;9.9790325
246526193316604;0.1340753;-0.10534488;9.615114
246526213305667;-0.038307227;-0.02873042;9.969456
246526233329104;-0.047884032;-0.009576807;10.055647
246526253319729;-0.12449849;0.06703765;9.988609
246526273310354;0.038307227;0.0;9.816227
246526293333792;0.2777274;-0.37349546;9.720459
246526313324417;-0.06703765;-0.009576807;9.950302
246526333315042;-0.02873042;0.10534488;9.931149
246526353307229;0.05746084;-0.24899697;9.911995
246526373327542;-0.15322891;0.12449849;9.931149
246526393318167;-0.095768064;0.1436521;9.902418
246526413308792;0.076614454;-0.1340753;9.787497
246526433330667;0.15322891;-0.38307226;9.701305
246526453322854;-0.11492168;0.12449849;9.902418
246526473313479;0.095768064;-0.06703765;9.758766
246526493336917;0.19153613;-0.35434186;9.701305
246526513325979;0.1340753;-0.076614454;9.835381
246526533316604;0.1340753;-0.19153613;9.77792
246526553308792;0.20111294;-0.38307226;9.797073
246526573330667;-0.10534488;0.06703765;9.9790325
246526593322854;0.1340753;-0.095768064;9.710882
246526613311917;0.08619126;-0.22026655;9.768343
246526633335354;-0.02873042;0.06703765;9.931149
246526653325979;-0.019153614;-0.15322891;9.931149
246526673316604;-0.019153614;-0.19153613;9.931149
246526693310354;0.02873042;-0.10534488;9.959879
246526713329104;0.1340753;-0.30645782;9.701305
246526733319729;-0.038307227;0.076614454;9.969456
246526753313479;0.12449849;-0.15322891;9.634268
246526773333792;0.095768064;0.0;9.864111
246526793325979;0.038307227;0.02873042;9.835381
246526813315042;0.08619126;-0.38307226;9.816227
246526833305667;-0.019153614;0.076614454;9.902418
246526853329104;0.16280572;-0.33518824;9.634268
246526873321292;-0.06703765;0.06703765;9.931149
246526893310354;0.15322891;-0.1340753;9.548077
246526913332229;0.11492168;0.038307227;9.931149
246526933322854;0.19153613;-0.1340753;9.653421
246526953315042;-0.02873042;-0.22026655;9.931149
246526973305667;0.11492168;-0.038307227;9.864111
246526993329104;0.019153614;-0.2681506;9.825804
246527013318167;0.17238252;-0.02873042;9.940725
246527033310354;0.009576807;-0.2777274;9.77792
246527053332229;0.095768064;0.0;9.950302
246527073322854;-0.009576807;0.009576807;9.969456
246527093315042;0.19153613;-0.08619126;9.844957
246527113335354;0.02873042;-0.34476504;9.730036
246527133325979;0.076614454;-0.047884032;9.892841
246527153318167;-0.047884032;-0.2777274;9.758766
246527173308792;0.16280572;0.08619126;9.892841
246527193332229;-0.05746084;-0.12449849;9.902418
246527213321292;0.11492168;-0.05746084;9.739613
246527233311917;0.21068975;0.0;9.950302
246527253335354;0.038307227;-0.1436521;9.691729
246527273325979;0.009576807;-0.047884032;9.80665
246527293318167;0.02873042;-0.20111294;9.586384
246527313307229;0.21068975;-0.019153614;9.931149
246527333329104;-0.047884032;-0.18195933;9.758766
246527353322854;0.2777274;-0.038307227;9.864111
246527373313479;-0.05746084;-0.009576807;9.892841
246527393333792;-0.047884032;-0.1436521;9.844957
246527413324417;0.16280572;0.0;9.835381
246527433315042;0.02873042;-0.2777274;9.643845
246527453305667;0.21068975;-0.05746084;9.902418
246527473329104;-0.019153614;-0.10534488;9.931149
246527493319729;0.047884032;-0.15322891;9.528923
246527513310354;0.18195933;-0.08619126;9.969456
246527533332229;-0.06703765;-0.1436521;9.797073
246527553325979;0.02873042;-0.12449849;9.653421
246527573315042;0.15322891;-0.019153614;9.816227
246527593307229;-0.08619126;-0.2873042;9.739613
246527613327542;0.2681506;-0.009576807;9.9790325
246527633318167;0.11492168;0.019153614;9.892841
246527653310354;-0.095768064;-0.25857377;9.548077
246527673332229;0.17238252;-0.08619126;9.902418
246527693322854;0.22026655;-0.08619126;9.825804
246527713313479;0.17238252;-0.009576807;9.864111
246527733335354;0.0;-0.1340753;9.80665
246527753327542;0.25857377;0.0;9.854534
246527773318167;-0.18195933;-0.19153613;9.710882
246527793308792;-0.019153614;-0.11492168;9.77792
246527813330667;0.4213795;0.0;9.940725
246527833322854;-0.019153614;-0.11492168;9.80665
246527853313479;-0.20111294;-0.11492168;9.672575
246527873336917;-0.22984336;-0.22984336;9.662998
246527893325979;0.40222588;0.0;9.940725
246527913316604;-0.25857377;-0.095768064;9.672575
246527933307229;-0.11492168;-0.12449849;9.653421
246527953330667;0.24899697;-0.038307227;9.988609
246527973321292;0.31603462;-0.06703765;9.883265
246527993313479;-0.1436521;-0.06703765;9.682152
246528013333792;-0.019153614;-0.076614454;9.749189
246528033324417;-0.23942018;-0.22984336;9.730036
246528053315042;0.37349546;0.0;9.873688
246528073307229;-0.019153614;-0.019153614;9.80665
246528093330667;-0.22984336;-0.20111294;9.672575
246528113319729;-0.1340753;-0.16280572;9.586384
246528133310354;0.16280572;-0.076614454;9.940725
246528153335354;0.4405331;0.047884032;10.093954
246528173325979;0.39264908;-0.08619126;10.055647
246528193316604;-0.2873042;-0.10534488;9.595961
246528213305667;-0.22984336;-0.20111294;9.682152
246528233327542;0.047884032;-0.06703765;9.921572
246528253319729;0.35434186;0.009576807;10.084377
246528273310354;0.48841715;0.076614454;9.988609
246528293333792;0.23942018;-0.11492168;9.787497
246528313322854;0.48841715;0.02873042;9.940725
246528333313479;-0.25857377;-0.08619126;9.797073
246528353335354;-0.12449849;-0.19153613;9.854534
246528373327542;0.076614454;-0.12449849;9.921572
246528393318167;0.2777274;-0.02873042;10.093954
246528413308792;0.46926352;0.06703765;10.0748005
246528433330667;0.5363012;0.009576807;9.959879
246528453322854;0.41180268;-0.047884032;9.797073
246528473313479;0.48841715;0.038307227;9.988609
246528493336917;-0.095768064;-0.10534488;9.682152
246528513325979;-0.36391866;-0.24899697;9.624691
246528533316604;-0.2777274;-0.21068975;9.682152
246528553308792;-0.31603462;-0.29688102;9.758766
246528573330667;-0.23942018;-0.22984336;9.844957
246528593322854;-0.019153614;-0.11492168;9.959879
246528613311917;0.095768064;-0.10534488;9.883265
246528633333792;-0.2777274;-0.20111294;9.701305
246528653325979;0.24899697;-0.06703765;9.950302
246528673316604;0.5363012;0.0;9.931149
246528693308792;0.50757074;-0.009576807;9.969456
246528713329104;0.5650316;-0.047884032;9.969456
246528733319729;0.5746084;-0.08619126;9.940725
246528753311917;0.5746084;-0.009576807;9.80665
246528773335354;0.51714754;-0.02873042;9.931149
246528793325979;-0.019153614;-0.02873042;9.911995
246528813315042;0.49799395;0.009576807;9.950302
246528833305667;0.63206923;-0.1340753;9.739613
246528853329104;0.5746084;-0.16280572;9.835381
246528873319729;0.545878;-0.12449849;9.883265
246528893311917;0.5746084;-0.10534488;9.911995
246528913332229;0.48841715;0.009576807;9.988609
246528933322854;0.30645782;0.009576807;10.007763
246528953315042;-0.24899697;-0.35434186;9.701305
246528973304104;-0.047884032;0.0;9.902418
246528993329104;0.02873042;0.10534488;10.007763
246529013318167;-0.16280572;0.009576807;9.931149
246529033308792;-0.2681506;-0.17238252;9.835381
246529053330667;-0.33518824;-0.31603462;9.80665
246529073324417;-0.31603462;-0.2873042;9.672575
246529093315042;0.47884035;0.0;9.816227
246529113335354;0.009576807;0.095768064;9.892841
246529133327542;-0.009576807;0.02873042;9.787497
246529153316604;0.41180268;0.06703765;9.873688
246529173308792;0.6512229;-0.15322891;9.9790325
246529193332229;0.4213795;-0.11492168;9.940725
246529213321292;-0.06703765;0.0;10.007763
246529233311917;-0.38307226;-0.12449849;9.720459
246529253333792;0.10534488;0.08619126;9.758766
246529273325979;-0.1436521;-0.06703765;9.739613
246529293318167;-0.05746084;-0.02873042;9.730036
246529313307229;0.40222588;-0.038307227;9.959879
246529333329104;0.5746084;-0.15322891;9.9790325
246529353319729;0.1436521;-0.08619126;9.892841
246529373313479;-0.2777274;-0.1436521;9.80665
246529393333792;-0.33518824;-0.18195933;9.672575
246529413324417;0.5746084;0.0;9.969456
246529433315042;0.58418524;-0.019153614;10.0269165
246529453305667;0.5267244;-0.1436521;9.950302
246529473329104;0.0;-0.05746084;9.854534
246529493321292;-0.38307226;-0.25857377;9.739613
246529513310354;-0.1340753;-0.20111294;9.701305
246529533332229;0.45010993;0.047884032;9.959879
246529553325979;0.32561144;-0.02873042;9.969456
246529573316604;-0.2681506;-0.1340753;9.634268
246529593307229;-0.17238252;-0.08619126;9.605537
246529613327542;0.17238252;-0.05746084;9.797073
246529633318167;0.5746084;-0.009576807;9.883265
246529653308792;-0.076614454;-0.11492168;9.816227
246529673332229;-0.49799395;-0.21068975;9.682152
246529693324417;0.40222588;0.0;9.969456
246529713313479;-0.22984336;-0.095768064;9.854534
246529733336917;-0.35434186;-0.19153613;9.80665
246529753325979;-0.45968673;-0.08619126;9.615114
246529773316604;0.45010993;-0.076614454;9.9790325
246529793308792;0.31603462;-0.038307227;9.892841
246529813330667;-0.41180268;-0.25857377;9.56723
246529833321292;0.18195933;-0.11492168;9.892841
246529853311917;0.45010993;0.009576807;9.873688
246529873336917;-0.37349546;-0.02873042;9.682152
246529893325979;0.009576807;-0.095768064;9.730036
246529913316604;0.49799395;-0.11492168;9.902418
246529933307229;-0.02873042;-0.12449849;9.80665
246529953330667;-0.22984336;-0.009576807;9.80665
246529973319729;0.5363012;-0.12449849;9.844957
246529993313479;-0.25857377;-0.16280572;9.691729
246530013333792;0.641646;-0.095768064;9.835381
246530033324417;0.37349546;-0.038307227;9.902418
246530053315042;-0.31603462;-0.17238252;9.624691
246530073307229;0.019153614;0.05746084;10.007763
246530093329104;0.2681506;0.047884032;9.921572
246530113319729;-0.38307226;-0.2777274;9.586384
246530133310354;0.61291564;-0.15322891;10.065224
246530153335354;-0.29688102;-0.038307227;9.701305
246530173325979;0.62249243;-0.19153613;10.055647
246530193316604;0.25857377;-0.076614454;9.921572
246530213305667;-0.41180268;-0.30645782;9.500193
246530233327542;0.51714754;-0.06703765;10.093954
246530253318167;-0.2681506;0.0;9.787497
246530273311917;0.1340753;0.12449849;9.959879
246530293333792;0.0;-0.06703765;9.940725
246530313322854;0.45968673;0.009576807;10.065224
246530333313479;0.2873042;-0.1340753;9.950302
246530353335354;-0.34476504;-0.29688102;9.490616
246530373327542;0.5363012;-0.009576807;10.113108
246530393316604;-0.40222588;-0.16280572;9.643845
246530413307229;0.45010993;0.095768064;10.0748005
246530433330667;-0.46926352;-0.1340753;9.691729
246530453321292;0.39264908;-0.12449849;10.036493
246530473311917;-0.15322891;-0.25857377;9.528923
246530493336917;0.2873042;0.019153614;9.864111
246530513325979;-0.2681506;-0.076614454;9.9790325
246530533316604;0.40222588;0.095768064;9.911995
246530553307229;-0.31603462;0.047884032;9.892841
246530573330667;0.4405331;0.02873042;9.931149
246530593322854;-0.25857377;-0.2681506;9.730036
246530613311917;0.545878;0.009576807;9.940725
246530633333792;-0.29688102;-0.047884032;9.682152
246530653324417;0.46926352;0.038307227;10.036493
246530673315042;-0.45968673;-0.21068975;9.500193
246530693307229;0.50757074;-0.019153614;9.988609
246530713329104;-0.30645782;-0.095768064;9.519346
246530733319729;0.33518824;-0.08619126;10.0269165
246530753313479;0.4309563;0.0;9.892841
246530773332229;-0.076614454;-0.1340753;9.969456
246530793325979;0.37349546;0.047884032;9.940725
246530813315042;-0.25857377;-0.12449849;9.701305
246530833305667;0.47884035;-0.08619126;9.873688
246530853327542;-0.1436521;-0.17238252;9.605537
246530873318167;0.12449849;-0.095768064;10.007763
246530893308792;0.38307226;0.0;9.797073
246530913333792;-0.02873042;-0.17238252;9.710882
246530933322854;-0.02873042;-0.06703765;9.950302
246530953313479;0.1340753;-0.12449849;9.911995
246530973335354;0.009576807;-0.15322891;9.950302
246530993329104;0.4213795;0.02873042;9.883265
246531013318167;-0.15322891;-0.19153613;9.576807
246531033308792;0.11492168;-0.18195933;9.940725
246531053330667;0.41180268;0.095768064;9.892841
246531073322854;0.23942018;-0.095768064;9.854534
246531093315042;0.009576807;-0.19153613;10.065224
246531113335354;0.39264908;-0.02873042;9.873688
246531133325979;-0.49799395;-0.16280572;9.739613
246531153316604;0.23942018;-0.17238252;9.883265
246531173308792;0.4405331;0.038307227;9.825804
246531193332229;-0.32561144;-0.1340753;9.825804
246531213321292;-0.10534488;-0.10534488;9.797073
246531233311917;0.17238252;-0.12449849;9.816227
246531253333792;0.15322891;-0.21068975;10.007763
246531273324417;-0.21068975;-0.10534488;9.787497
246531293318167;0.33518824;-0.08619126;9.643845
246531313307229;0.37349546;-0.10534488;10.055647
246531333329104;-0.23942018;-0.1436521;9.758766
246531353321292;-0.22984336;-0.08619126;9.643845
246531373311917;0.34476504;0.047884032;9.797073
246531393333792;0.45968673;0.009576807;9.758766
246531413324417;-0.21068975;-0.038307227;9.816227
246531433315042;-0.019153614;-0.11492168;9.643845
246531453305667;0.33518824;-0.047884032;9.701305
246531473327542;0.32561144;-0.10534488;10.065224
246531493321292;-0.05746084;-0.1340753;9.969456
246531513310354;-0.35434186;-0.1340753;9.682152
246531533332229;-0.34476504;-0.08619126;9.586384
246531553322854;0.4405331;-0.038307227;9.691729
246531573313479;0.076614454;-0.08619126;10.04607
246531593338479;-0.25857377;-0.038307227;9.749189
246531613327542;-0.22984336;-0.1340753;9.471462
246531633318167;0.009576807;-0.05746084;9.662998
246531653308792;0.39264908;-0.06703765;9.873688
246531673333792;0.41180268;-0.02873042;10.036493
246531693324417;0.40222588;0.0;10.01734
246531713313479;-0.2873042;-0.1340753;9.595961
246531733335354;-0.24899697;-0.12449849;9.634268
246531753325979;0.0;-0.08619126;9.634268
246531773316604;0.33518824;-0.06703765;9.710882
246531793310354;0.45010993;-0.019153614;9.902418
246531813330667;0.39264908;-0.05746084;9.797073
246531833321292;0.10534488;-0.095768064;10.007763
246531853311917;-0.23942018;-0.095768064;9.768343
246531873333792;-0.25857377;-0.1436521;9.605537
246531893325979;-0.11492168;-0.11492168;9.595961
246531913316604;0.076614454;-0.10534488;9.615114
246531933307229;0.2777274;-0.15322891;9.787497
246531953330667;0.047884032;-0.16280572;9.576807
246531973319729;0.22026655;-0.11492168;9.931149
246531993313479;0.06703765;-0.08619126;10.1226845
246532013333792;0.047884032;-0.15322891;9.950302
246532033324417;0.095768064;-0.18195933;9.873688
246532053315042;0.08619126;-0.21068975;9.959879
246532073308792;0.02873042;-0.16280572;9.883265
246532093330667;0.076614454;-0.095768064;9.9790325
246532113318167;0.06703765;-0.11492168;9.787497
246532133308792;-0.02873042;-0.10534488;9.739613
246532153332229;-0.009576807;-0.1340753;9.701305
246532173322854;-0.05746084;-0.05746084;9.758766
246532193313479;-0.019153614;-0.12449849;9.691729
246532213304104;-0.038307227;-0.11492168;9.739613
246532233327542;-0.047884032;-0.10534488;9.77792
246532253318167;0.0;-0.1436521;9.950302
246532273308792;-0.019153614;-0.047884032;9.662998
246532293333792;0.019153614;-0.15322891;9.710882
246532313322854;0.047884032;-0.076614454;9.682152
246532333313479;0.019153614;-0.095768064;9.739613
246532353338479;0.02873042;-0.17238252;9.787497
246532373325979;0.05746084;-0.10534488;9.911995
246532393316604;0.1340753;-0.17238252;9.892841
246532413308792;0.15322891;-0.08619126;9.950302
246532433330667;0.12449849;-0.10534488;10.0269165
246532453321292;0.18195933;-0.1340753;9.931149
246532473311917;0.1436521;-0.1340753;9.873688
246532493333792;0.12449849;-0.10534488;9.902418
246532513325979;0.10534488;-0.15322891;9.80665
246532533316604;-0.009576807;-0.16280572;9.825804
246532553308792;0.047884032;-0.1436521;9.528923
246532573330667;-0.076614454;-0.076614454;9.634268
246532593322854;-0.02873042;-0.11492168;9.605537
246532613310354;0.009576807;-0.1340753;9.691729
246532633333792;0.038307227;-0.06703765;9.816227
246532653324417;0.076614454;-0.047884032;9.9790325
246532673316604;0.1436521;-0.08619126;9.940725
246532693308792;0.05746084;-0.10534488;9.844957
246532713329104;0.038307227;-0.16280572;9.80665
246532733319729;-0.08619126;-0.095768064;9.653421
246532753310354;-0.06703765;-0.038307227;9.624691
246532773332229;0.009576807;-0.06703765;9.691729
246532793325979;0.12449849;-0.12449849;9.911995
246532813313479;0.17238252;-0.009576807;9.9790325
246532833305667;0.08619126;-0.11492168;9.77792
246532853327542;-0.019153614;-0.08619126;9.643845
246532873318167;-0.038307227;-0.047884032;9.691729
246532893346292;0.009576807;-0.08619126;9.787497
246532913332229;0.16280572;-0.047884032;9.921572
246532933322854;0.095768064;-0.05746084;9.911995
246532953315042;0.009576807;-0.15322891;9.758766
246532973336917;-0.019153614;-0.12449849;9.615114
246532993329104;0.1436521;-0.20111294;9.892841
246533013316604;0.21068975;-0.12449849;9.873688
246533033308792;0.10534488;-0.06703765;9.854534
246533053330667;0.019153614;-0.06703765;9.634268
246533073321292;0.02873042;-0.076614454;9.739613
246533093315042;0.12449849;-0.17238252;9.921572
246533113333792;0.038307227;-0.05746084;9.911995
246533133325979;0.009576807;-0.076614454;9.701305
246533153316604;0.0;-0.095768064;9.911995
246533173307229;0.21068975;-0.17238252;9.854534
246533193332229;0.095768064;-0.06703765;9.911995
246533213319729;0.019153614;-0.15322891;9.500193
246533233311917;0.047884032;-0.038307227;9.940725
246533253333792;0.038307227;-0.05746084;9.883265
246533273324417;-0.019153614;-0.17238252;9.56723
246533293318167;-0.019153614;-0.12449849;9.595961
246533313307229;0.24899697;-0.15322891;9.902418
246533333329104;0.009576807;-0.047884032;9.902418
246533353321292;0.06703765;-0.17238252;9.595961
246533373311917;0.16280572;-0.15322891;9.969456
246533393332229;0.019153614;-0.12449849;9.548077
246533413324417;0.076614454;-0.22026655;9.643845
246533433315042;0.15322891;-0.095768064;9.969456
246533453305667;0.0;-0.12449849;9.854534
246533473327542;0.038307227;-0.17238252;9.56723
246533493319729;0.19153613;-0.20111294;9.883265
246533513310354;0.0;-0.10534488;9.710882
246533533332229;0.047884032;-0.1436521;9.844957
246533553322854;0.038307227;-0.12449849;9.835381
246533573313479;-0.076614454;-0.02873042;9.624691
246533593336917;0.009576807;-0.019153614;10.01734
246533613325979;0.05746084;-0.08619126;9.864111
246533633318167;0.08619126;-0.17238252;9.749189
246533653308792;0.17238252;-0.21068975;9.940725
246533673333792;0.019153614;-0.12449849;9.576807
246533693324417;0.16280572;-0.23942018;9.931149
246533713313479;-0.019153614;-0.05746084;9.720459
246533733335354;0.08619126;-0.18195933;9.720459
246533753325979;0.076614454;-0.19153613;9.940725
246533773316604;0.076614454;-0.19153613;9.394848
246533793310354;0.06703765;-0.25857377;9.988609
246533813330667;0.047884032;-0.05746084;9.56723
246533833321292;0.06703765;-0.1436521;9.969456
246533853311917;-0.06703765;-0.08619126;9.481039
246533873333792;0.10534488;-0.038307227;9.931149
246533894161917;0.15322891;-0.17238252;9.32781
246533913315042;0.076614454;0.009576807;9.739613
246533933307229;0.038307227;-0.21068975;10.084377
246533953329104;0.009576807;0.0;9.605537
246533973321292;-0.019153614;-0.22984336;10.228029
246533993310354;0.038307227;0.095768064;9.624691
246534013333792;-0.11492168;0.02873042;9.911995
246534033324417;0.08619126;0.11492168;9.5385
246534053315042;0.047884032;-0.21068975;10.093954
246534073305667;0.047884032;0.047884032;9.653421
246534093327542;-0.02873042;-0.20111294;10.170568
246534113318167;0.095768064;-0.076614454;9.481039
246534133310354;-0.02873042;0.06703765;10.180145
246534153333792;0.10534488;-0.17238252;9.270349
246534173322854;0.1340753;-0.32561144;10.1226845
246534193315042;0.10534488;-0.21068975;9.615114
246534213335354;0.21068975;-0.36391866;10.103531
246534233327542;0.009576807;-0.076614454;9.586384
246534253318167;-0.019153614;0.076614454;10.103531
246534273308792;-0.019153614;-0.1436521;9.720459
246534293333792;0.15322891;-0.34476504;9.672575
246534313321292;0.10534488;-0.2681506;10.04607
246534333313479;-0.019153614;0.17238252;9.624691
246534353335354;0.076614454;-0.17238252;9.739613
246534373325979;0.076614454;-0.1340753;10.007763
246534393316604;0.076614454;-0.25857377;9.615114
246534413307229;0.16280572;-0.21068975;9.921572
246534433330667;0.02873042;-0.12449849;9.490616
246534453321292;-0.009576807;0.05746084;10.036493
246534473311917;0.0;0.019153614;9.911995
246534493333792;-0.019153614;0.019153614;9.624691
246534513324417;-0.02873042;0.16280572;10.151415
246534533316604;0.22984336;-0.23942018;9.959879
246534553307229;-0.019153614;-0.019153614;9.730036
246534573329104;0.05746084;-0.02873042;10.093954
246534593319729;-0.009576807;-0.02873042;9.77792
246534613310354;0.038307227;-0.019153614;9.624691
246534633333792;-0.019153614;0.019153614;9.950302
246534653324417;0.076614454;-0.12449849;9.816227
246534673316604;0.02873042;-0.12449849;9.643845
246534693308792;-0.02873042;-0.15322891;9.835381
246534713327542;-0.009576807;-0.019153614;10.04607
246534733318167;0.02873042;-0.047884032;9.883265
246534753308792;0.095768064;-0.18195933;9.797073
246534773332229;0.0;-0.02873042;10.04607
246534793325979;0.10534488;-0.12449849;9.816227
246534813315042;0.047884032;-0.22984336;9.77792
246534833305667;0.06703765;-0.18195933;9.730036
246534853327542;0.047884032;-0.02873042;9.902418
246534873319729;0.11492168;-0.1436521;9.854534
246534893310354;-0.009576807;-0.019153614;10.01734
246534913332229;0.076614454;-0.076614454;9.672575
246534933322854;0.08619126;-0.05746084;9.787497
246534953313479;0.20111294;-0.12449849;9.9790325
246534973335354;0.0;-0.12449849;10.036493
246534993329104;0.02873042;-0.06703765;9.605537
246535013316604;0.095768064;-0.19153613;9.528923
246535033308792;-0.019153614;0.0;9.787497
246535053330667;0.095768064;-0.1340753;9.911995
246535073321292;-0.019153614;-0.08619126;10.199299
246535093315042;0.047884032;-0.1340753;9.481039
246535113333792;0.06703765;-0.08619126;9.404425
246535133325979;0.05746084;-0.05746084;9.730036
246535153318167;0.08619126;-0.19153613;10.055647
246535173308792;0.076614454;-0.10534488;10.189722
246535193330667;0.047884032;-0.06703765;10.036493
246535213319729;0.08619126;-0.08619126;9.3661175
246535233310354;-0.02873042;0.0;9.346964
246535253333792;0.038307227;-0.11492168;9.624691
246535273324417;0.10534488;-0.10534488;9.931149
246535293315042;0.019153614;-0.076614454;10.323798
246535313305667;0.038307227;-0.02873042;10.218452
246535333329104;0.019153614;-0.12449849;10.036493
246535353318167;0.05746084;-0.019153614;9.605537
246535373310354;0.02873042;-0.12449849;9.471462
246535393332229;0.047884032;-0.1436521;9.423578
246535413322854;0.02873042;-0.05746084;9.471462
246535433315042;0.009576807;-0.10534488;9.595961
246535453305667;0.009576807;-0.24899697;9.864111
246535473329104;0.038307227;-0.15322891;9.864111
246535493319729;0.1340753;-0.16280572;9.77792
246535513308792;0.019153614;-0.12449849;10.0748005
246535533330667;0.02873042;-0.11492168;9.988609
246535553322854;0.08619126;-0.16280572;9.892841
246535573313479;0.10534488;-0.095768064;9.969456
246535593335354;0.08619126;-0.17238252;9.911995
246535613327542;0.06703765;-0.11492168;9.892841
246535633316604;0.11492168;-0.15322891;9.959879
246535653308792;0.047884032;-0.076614454;9.950302
246535673330667;0.095768064;-0.16280572;10.036493
246535693322854;0.047884032;-0.12449849;9.940725
246535713311917;0.10534488;-0.11492168;9.988609
246535733333792;0.19153613;-0.095768064;9.950302
246535753324417;0.06703765;-0.08619126;9.969456
246535773318167;0.18195933;-0.11492168;9.931149
246535793308792;0.10534488;-0.10534488;9.988609
246535813329104;0.05746084;-0.06703765;9.969456
246535833321292;0.095768064;-0.11492168;9.988609
246535853311917;0.08619126;-0.1436521;9.9790325
246535873333792;0.06703765;-0.18195933;9.988609
246535893325979;0.095768064;-0.18195933;9.950302
246535913315042;0.06703765;-0.15322891;9.959879
246535933305667;0.019153614;-0.019153614;9.892841
246535953329104;0.095768064;-0.11492168;9.710882
246535973321292;0.02873042;-0.1436521;9.624691
246535993310354;0.009576807;-0.047884032;9.691729
246536013332229;0.11492168;-0.15322891;9.883265
246536033322854;0.10534488;-0.095768064;9.80665
246536053315042;0.1340753;-0.17238252;9.892841
246536073305667;0.11492168;-0.16280572;9.854534
246536093329104;0.076614454;-0.1340753;9.902418
246536113318167;-0.02873042;-0.12449849;9.950302
246536133308792;0.11492168;-0.1340753;9.844957
246536153332229;0.047884032;-0.10534488;9.643845
246536173324417;-0.019153614;-0.076614454;9.672575
246536193313479;0.08619126;-0.17238252;9.787497
246536213335354;0.06703765;-0.15322891;9.988609
246536233327542;0.06703765;-0.16280572;9.959879
246536253318167;0.009576807;-0.06703765;9.883265
246536273308792;0.076614454;-0.076614454;9.691729
246536293333792;-0.009576807;-0.1340753;9.653421
246536313321292;0.019153614;-0.06703765;9.787497
246536333311917;0.047884032;-0.08619126;9.959879
246536353335354;0.12449849;-0.1436521;9.940725
246536373327542;0.1340753;-0.076614454;9.864111
246536393316604;0.047884032;-0.15322891;9.557653
246536413308792;0.0;-0.06703765;9.77792
246536433330667;0.05746084;-0.11492168;9.911995
246536453321292;0.095768064;-0.095768064;9.921572
246536473311917;0.047884032;-0.1436521;9.892841
246536493336917;0.10534488;-0.15322891;9.528923
246536513324417;0.08619126;-0.22984336;9.768343
246536533315042;0.047884032;-0.05746084;9.959879
246536553308792;0.02873042;-0.11492168;9.873688
246536573330667;0.02873042;-0.10534488;9.643845
246536593321292;-0.019153614;-0.02873042;9.950302
246536613310354;0.08619126;-0.18195933;9.892841
246536633332229;0.019153614;-0.16280572;9.902418
246536653324417;0.038307227;-0.02873042;9.519346
246536673315042;0.009576807;-0.076614454;9.787497
246536693305667;0.02873042;-0.06703765;9.892841
246536713327542;0.009576807;-0.17238252;9.749189
246536733318167;0.076614454;-0.08619126;9.701305
246536753310354;0.05746084;-0.18195933;9.969456
246536773332229;0.06703765;-0.10534488;9.816227
246536793324417;0.095768064;-0.076614454;9.615114
246536813313479;0.047884032;-0.1340753;9.940725
246536833335354;0.02873042;-0.12449849;9.892841
246536853327542;0.047884032;-0.20111294;9.672575
246536873318167;0.05746084;-0.21068975;9.911995
246536893308792;0.05746084;-0.11492168;9.902418
246536913333792;0.05746084;-0.1436521;9.797073
246536933322854;0.009576807;-0.10534488;9.921572
246536953313479;0.095768064;-0.17238252;9.835381
246536973335354;0.08619126;-0.16280572;9.662998
246536993329104;0.11492168;-0.19153613;9.854534
246537013316604;0.095768064;-0.15322891;9.634268
246537033307229;0.05746084;-0.15322891;9.835381
246537053330667;0.0;-0.095768064;9.825804
246537073322854;0.05746084;-0.05746084;9.691729
246537093311917;0.05746084;-0.16280572;9.892841
246537113333792;0.019153614;-0.15322891;9.662998
246537133325979;0.038307227;-0.11492168;9.835381
246537153315042;0.05746084;-0.12449849;9.825804
246537173307229;0.02873042;-0.21068975;9.758766
246537193330667;0.047884032;-0.076614454;9.911995
246537213319729;0.12449849;-0.02873042;9.730036
246537233310354;0.038307227;-0.20111294;9.931149
246537253333792;0.095768064;-0.1340753;9.768343
246537273325979;0.009576807;-0.1436521;9.959879
246537293316604;0.038307227;-0.06703765;9.672575
246537313305667;-0.02873042;-0.11492168;9.892841
246537333327542;0.076614454;-0.047884032;9.892841
246537353318167;0.019153614;-0.17238252;9.80665
246537373310354;0.02873042;-0.076614454;9.892841
246537393332229;0.02873042;-0.10534488;9.854534
246537413322854;0.08619126;-0.11492168;9.883265
246537433313479;0.047884032;-0.095768064;9.787497
246537453335354;0.076614454;-0.038307227;9.816227
246537473329104;0.019153614;-0.19153613;9.883265
246537493319729;0.06703765;-0.10534488;9.749189
246537513308792;0.019153614;-0.12449849;9.921572
246537533332229;0.08619126;-0.15322891;9.768343
246537553321292;0.047884032;-0.10534488;9.931149
246537573313479;0.11492168;-0.095768064;9.662998
246537593336917;-0.019153614;-0.16280572;10.01734
246537613325979;0.15322891;-0.10534488;9.576807
246537633316604;0.009576807;-0.11492168;10.113108
246537653308792;0.08619126;-0.12449849;9.500193
246537673332229;0.047884032;-0.06703765;10.036493
246537693322854;0.047884032;-0.17238252;9.902418
246537713311917;-0.019153614;-0.10534488;9.825804
246537733333792;0.019153614;-0.095768064;9.940725
246537753324417;0.02873042;-0.076614454;9.576807
246537773315042;0.019153614;-0.1436521;10.084377
246537793307229;0.11492168;-0.16280572;9.519346
246537813329104;0.06703765;-0.12449849;10.007763
246537833321292;-0.019153614;-0.11492168;9.950302
246537853310354;0.076614454;-0.1436521;9.643845
246537873333792;0.0;-0.20111294;10.0269165
246537893324417;0.095768064;-0.1436521;9.864111
246537913315042;0.05746084;-0.076614454;9.730036
246537933307229;0.06703765;-0.11492168;9.9790325
246537953327542;0.095768064;-0.19153613;9.615114
246537973319729;0.06703765;-0.095768064;9.80665
246537993310354;0.009576807;-0.16280572;10.036493
246538013332229;0.1436521;-0.1436521;9.634268
246538033324417;0.095768064;-0.095768064;9.892841
246538053313479;-0.047884032;-0.10534488;10.01734
246538073305667;0.047884032;-0.06703765;9.653421
246538093329104;0.095768064;-0.076614454;9.739613
246538113318167;0.019153614;-0.076614454;10.036493
246538133310354;0.095768064;-0.12449849;9.710882
246538153332229;0.047884032;-0.05746084;9.758766
246538173322854;-0.05746084;-0.10534488;10.093954
246538193313479;0.0;-0.076614454;9.797073
246538213335354;0.08619126;-0.1436521;9.710882
246538233325979;0.15322891;-0.1340753;9.730036
246538253316604;0.019153614;-0.12449849;10.1226845
246538273308792;-0.038307227;-0.1340753;9.816227
246538293332229;0.11492168;-0.1340753;9.854534
246538313321292;0.1340753;-0.08619126;9.701305
246538333311917;0.076614454;-0.23942018;10.0748005
246538353335354;0.019153614;-0.076614454;9.576807
246538373325979;0.08619126;-0.019153614;9.969456
246538393316604;0.12449849;-0.009576807;9.634268
246538413307229;-0.009576807;-0.019153614;10.266336
246538433329104;-0.05746084;-0.10534488;9.892841
246538453321292;0.1436521;-0.10534488;9.758766
246538473313479;0.06703765;-0.11492168;9.720459
246538493335354;0.095768064;-0.095768064;9.490616
246538513324417;0.009576807;-0.15322891;10.103531
246538533315042;0.019153614;-0.076614454;9.844957
246538553307229;0.16280572;-0.05746084;9.624691
246538573329104;0.076614454;-0.10534488;9.825804
246538593321292;0.1436521;-0.08619126;9.615114
246538613310354;-0.019153614;-0.1436521;10.218452
246538633332229;0.11492168;-0.29688102;9.873688
246538653324417;-0.009576807;-0.076614454;9.911995
246538673313479;0.009576807;-0.16280572;9.672575
246538693307229;0.1340753;-0.16280572;9.969456
246538713327542;-0.019153614;0.019153614;9.672575
246538733318167;0.24899697;-0.10534488;9.624691
246538753310354;-0.02873042;-0.05746084;9.9790325
246538773332229;0.02873042;-0.20111294;10.04607
246538793322854;0.095768064;-0.1436521;9.9790325
246538813313479;-0.009576807;-0.06703765;9.634268
246538833335354;-0.076614454;-0.08619126;9.442732
246538853325979;0.019153614;-0.11492168;9.471462
246538873318167;0.11492168;-0.21068975;10.199299
246538893308792;-0.009576807;-0.076614454;9.864111
246538913330667;0.05746084;-0.05746084;9.442732
246538933321292;0.1340753;-0.095768064;9.433155
246538953311917;0.15322891;-0.05746084;9.797073
246538973335354;0.019153614;-0.1436521;10.0269165
246538993325979;-0.009576807;-0.1436521;10.093954
246539013316604;0.019153614;-0.1436521;10.151415
246539033307229;0.05746084;-0.20111294;9.9790325
246539053329104;0.22026655;-0.18195933;9.80665
246539073319729;0.05746084;-0.15322891;9.481039
246539093311917;0.038307227;-0.11492168;9.586384
246539113333792;-0.02873042;-0.1340753;9.528923
246539133324417;-0.02873042;-0.06703765;9.701305
246539153316604;-0.019153614;-0.10534488;9.662998
246539173307229;0.05746084;-0.17238252;9.643845
246539193330667;-0.009576807;-0.10534488;9.548077
246539213319729;-0.019153614;-0.076614454;9.844957
246539233310354;0.009576807;-0.1436521;9.825804
246539253332229;-0.009576807;-0.06703765;9.844957
246539273324417;-0.009576807;-0.11492168;9.873688
246539293315042;0.08619126;-0.18195933;9.80665
246539313305667;0.12449849;-0.2873042;9.653421
246539333327542;0.12449849;-0.08619126;9.749189
246539353318167;0.076614454;-0.076614454;9.80665
246539373308792;0.047884032;-0.02873042;9.892841
246539393332229;0.16280572;-0.1340753;9.77792
246539413322854;0.1436521;-0.095768064;9.662998
246539433313479;0.02873042;-0.05746084;9.662998
246539453335354;-0.019153614;-0.16280572;9.883265
246539473329104;0.038307227;-0.11492168;9.931149
246539493319729;0.009576807;-0.05746084;9.854534
246539513308792;0.02873042;-0.24899697;9.873688
246539533330667;0.009576807;-0.1436521;9.672575
246539553322854;0.05746084;-0.17238252;9.787497
246539573311917;0.009576807;-0.19153613;9.844957
246539593335354;0.095768064;-0.24899697;9.825804
246539613325979;0.06703765;-0.06703765;9.758766
246539633316604;0.009576807;-0.16280572;9.739613
246539653307229;0.009576807;-0.05746084;9.931149
246539673329104;0.019153614;-0.15322891;9.988609
246539693322854;0.038307227;-0.047884032;9.864111
246539713311917;0.047884032;-0.1436521;9.691729
246539733333792;0.02873042;-0.10534488;9.720459
246539753324417;0.06703765;-0.095768064;9.701305
246539773315042;0.047884032;-0.1436521;9.787497
246539793307229;-0.009576807;-0.11492168;9.940725
246539813329104;0.02873042;-0.12449849;9.902418
246539833319729;0.06703765;-0.05746084;9.835381
246539853310354;0.15322891;-0.19153613;9.797073
246539873333792;0.076614454;-0.17238252;9.653421
246539893324417;0.047884032;-0.095768064;9.768343
246539913315042;0.05746084;-0.10534488;9.921572
246539933305667;0.009576807;-0.08619126;9.902418
246539953330667;0.047884032;-0.16280572;9.758766
246539973321292;0.076614454;-0.1340753;9.682152
246539993311917;0.05746084;-0.10534488;9.768343
246540013332229;0.038307227;-0.095768064;9.902418
246540033324417;0.076614454;-0.16280572;9.902418
246540053313479;0.047884032;-0.1340753;9.758766
246540073335354;0.05746084;-0.06703765;9.730036
246540093327542;0.11492168;-0.17238252;9.787497
246540113318167;0.05746084;-0.10534488;9.873688
246540133308792;0.019153614;-0.16280572;9.844957
246540153330667;0.095768064;-0.15322891;9.844957
246540173322854;0.038307227;-0.095768064;9.864111
246540193313479;0.047884032;-0.1340753;9.787497
246540213335354;0.047884032;-0.12449849;9.749189
246540233325979;0.08619126;-0.095768064;9.835381
246540253316604;0.095768064;-0.10534488;9.787497
246540273310354;0.038307227;-0.047884032;9.768343
246540293332229;0.047884032;-0.11492168;9.749189
246540313321292;0.047884032;-0.16280572;9.835381
246540333311917;0.038307227;-0.02873042;9.787497
246540353335354;0.08619126;-0.076614454;9.797073
246540373325979;0.05746084;-0.15322891;9.816227
246540393315042;0.05746084;-0.019153614;9.787497
246540413307229;0.047884032;-0.11492168;9.80665
246540433329104;0.047884032;-0.11492168;9.864111
246540453319729;0.08619126;-0.06703765;9.844957
246540473310354;0.009576807;-0.1340753;9.797073
246540493335354;0.076614454;-0.10534488;9.768343
246540513324417;0.10534488;-0.05746084;9.825804
246540533315042;0.05746084;-0.047884032;9.873688
246540553305667;0.009576807;-0.1436521;9.911995
246540573330667;0.038307227;-0.12449849;9.892841
246540593321292;0.05746084;-0.10534488;9.701305
246540613310354;0.047884032;-0.11492168;9.797073
246540633360354;0.16280572;-0.08619126;9.682152
246540653322854;0.05746084;-0.15322891;9.816227
246540673313479;0.06703765;-0.1436521;9.787497
246540693305667;0.08619126;-0.076614454;9.768343
246540713327542;0.047884032;-0.15322891;9.835381
246540733318167;0.05746084;-0.047884032;9.902418
246540753310354;0.11492168;-0.1436521;9.816227
