245834810899938;0.12449849;-0.21068975;9.864111
245834830923375;0.038307227;-0.1436521;9.864111
245834850914000;0.02873042;-0.05746084;9.988609
245834870904625;0.06703765;-0.06703765;9.873688
245834890928063;0.1340753;-0.15322891;9.797073
245834910917125;0.1436521;-0.19153613;9.864111
245834930909313;0.12449849;-0.22984336;9.902418
245834950899938;0.038307227;-0.15322891;9.864111
245834970923375;0.009576807;-0.1340753;9.787497
245834990914000;0.06703765;-0.047884032;9.959879
245835010904625;0.05746084;-0.076614454;9.864111
245835030926500;0.05746084;-0.047884032;9.911995
245835050917125;0.16280572;-0.10534488;9.883265
245835070907750;0.06703765;-0.17238252;9.844957
245835090899938;0.10534488;-0.19153613;9.873688
245835110921813;0.05746084;-0.08619126;9.854534
245835130912438;-0.009576807;-0.05746084;9.940725
245835150903063;0.10534488;-0.05746084;9.911995
245835170924938;0.18195933;-0.095768064;9.864111
245835190917125;0.095768064;-0.16280572;9.835381
245835210909313;0.10534488;-0.11492168;9.931149
245835230929625;0.02873042;-0.1436521;9.844957
245835250920250;0.038307227;-0.11492168;9.950302
245835270910875;0.095768064;-0.05746084;9.911995
245835290903063;0.11492168;-0.02873042;9.988609
245835310924938;0.16280572;-0.06703765;9.931149
245835330915563;0.06703765;-0.15322891;9.883265
245835350906188;0.095768064;-0.11492168;9.844957
245835370928063;0.047884032;-0.10534488;9.835381
245835390920250;0.06703765;-0.095768064;9.854534
245835410910875;0.076614454;-0.06703765;9.902418
245835430901500;0.11492168;0.0;9.940725
245835450923375;0.32561144;-0.11492168;9.768343
245835470914000;0.05746084;-0.16280572;9.749189
245835490906188;0.076614454;-0.1436521;9.892841
245835510926500;0.05746084;-0.10534488;10.04607
245835530918688;0.11492168;-0.18195933;9.940725
245835550909313;0.11492168;-0.1340753;9.892841
245835570899938;0.16280572;-0.06703765;10.0269165
245835590923375;0.12449849;-0.11492168;9.844957
245835610912438;0.05746084;-0.15322891;9.864111
245835630904625;0.05746084;-0.1340753;9.988609
245835650926500;0.06703765;-0.1436521;9.816227
245835670920250;-0.019153614;-0.047884032;9.844957
245835690907750;0.11492168;-0.12449849;9.787497
245835710899938;0.10534488;-0.10534488;9.873688
245835730921813;0.076614454;-0.009576807;10.04607
245835750912438;0.05746084;-0.12449849;9.844957
245835770903063;-0.019153614;-0.076614454;9.816227
245835790924938;0.038307227;-0.21068975;9.959879
245835810917125;0.05746084;-0.038307227;9.988609
245835830907750;0.18195933;-0.1340753;9.864111
245835850898375;0.19153613;-0.12449849;9.873688
245835870920250;0.1340753;-0.076614454;9.940725
245835890912438;0.11492168;-0.20111294;9.959879
245835910903063;0.05746084;-0.22984336;9.873688
245835930924938;0.1436521;-0.009576807;9.911995
245835950915563;0.12449849;-0.12449849;9.825804
245835970906188;0.11492168;-0.095768064;9.825804
245835990928063;0.06703765;0.009576807;10.0269165
245836010921813;0.08619126;-0.10534488;9.825804
245836030909313;0.08619126;-0.18195933;9.940725
245836050901500;0.047884032;-0.02873042;9.911995
245836070923375;0.095768064;-0.02873042;9.921572
245836090914000;0.1340753;-0.17238252;9.816227
245836110904625;0.10534488;-0.06703765;9.825804
245836130928063;0.095768064;-0.009576807;9.883265
245836150918688;0.05746084;-0.1340753;9.902418
245836170909313;0.11492168;-0.10534488;9.911995
245836190899938;0.02873042;-0.10534488;9.892841
245836210921813;0.076614454;-0.05746084;9.854534
245836230912438;0.10534488;-0.11492168;9.921572
245836250904625;0.12449849;-0.047884032;9.854534
245836270926500;0.11492168;-0.12449849;9.797073
245836290917125;0.10534488;-0.1436521;9.902418
245836310909313;0.02873042;-0.12449849;9.959879
245836330898375;0.076614454;-0.10534488;9.902418
245836350921813;0.16280572;-0.08619126;9.844957
245836370914000;0.12449849;-0.095768064;9.950302
245836390903063;0.095768064;-0.12449849;9.883265
245836410924938;-0.019153614;-0.08619126;9.902418
245836430917125;0.009576807;-0.1436521;9.873688
245836450907750;0.047884032;-0.1436521;9.864111
245836470901500;0.11492168;-0.19153613;9.816227
245836490920250;0.21068975;-0.06703765;9.816227
245836510912438;0.1436521;-0.10534488;9.797073
245836530901500;0.12449849;-0.15322891;9.825804
245836550924938;0.23942018;-0.009576807;9.787497
245836570917125;0.009576807;-0.17238252;9.9790325
245836590906188;-0.019153614;-0.11492168;9.892841
245836610928063;0.095768064;-0.19153613;9.864111
245836630918688;0.12449849;-0.10534488;9.854534
245836650910875;0.15322891;-0.06703765;9.844957
245836670901500;0.095768064;-0.019153614;9.940725
245836690923375;0.038307227;-0.095768064;9.835381
245836710917125;0.076614454;-0.047884032;9.892841
245836730904625;0.047884032;-0.11492168;9.864111
245836750928063;0.16280572;-0.11492168;9.844957
245836770918688;0.17238252;-0.21068975;9.80665
245836790909313;0.1340753;-0.10534488;9.864111
245836810899938;0.12449849;-0.10534488;9.844957
245836830923375;0.047884032;-0.05746084;9.950302
245836850914000;0.06703765;-0.17238252;9.883265
245836870904625;0.095768064;-0.11492168;9.864111
245836890926500;0.15322891;-0.1436521;9.873688
245836910917125;0.19153613;-0.15322891;9.844957
245836930909313;0.12449849;-0.095768064;9.80665
245836950899938;0.10534488;-0.095768064;9.825804
245836970921813;0.047884032;-0.095768064;9.892841
245836990912438;0.038307227;-0.038307227;9.854534
245837010904625;0.12449849;-0.10534488;9.873688
245837030926500;0.095768064;-0.18195933;9.787497
245837050917125;0.18195933;-0.15322891;9.835381
245837070907750;0.10534488;-0.076614454;9.911995
245837090898375;0.076614454;-0.06703765;9.873688
245837110920250;0.06703765;0.0;9.883265
245837130912438;0.047884032;-0.18195933;9.864111
245837150901500;0.095768064;-0.22026655;9.873688
245837170924938;0.17238252;-0.10534488;9.854534
245837190915563;0.15322891;-0.10534488;9.844957
245837210907750;0.076614454;-0.08619126;9.892841
245837230929625;0.11492168;-0.038307227;9.883265
245837250921813;0.038307227;-0.019153614;9.883265
245837270910875;0.009576807;-0.05746084;9.873688
245837290903063;0.11492168;-0.16280572;9.864111
245837310923375;0.15322891;-0.22984336;9.969456
245837330914000;0.17238252;-0.17238252;9.854534
245837350904625;0.047884032;-0.11492168;9.902418
245837370928063;0.009576807;-0.009576807;9.825804
245837390920250;0.038307227;-0.11492168;9.749189
245837410909313;0.08619126;-0.10534488;9.883265
245837430901500;0.20111294;-0.1340753;9.864111
245837450923375;0.1340753;-0.15322891;9.902418
245837470915563;0.11492168;-0.1340753;9.864111
245837490904625;0.02873042;-0.08619126;9.902418
245837510928063;0.095768064;-0.076614454;9.854534
245837530918688;0.076614454;-0.076614454;9.854534
245837550907750;0.095768064;-0.11492168;9.873688
245837570899938;0.10534488;-0.15322891;9.892841
245837590921813;0.095768064;-0.16280572;9.80665
245837610914000;0.12449849;-0.11492168;9.844957
245837630903063;0.047884032;-0.076614454;9.911995
245837650926500;0.009576807;-0.019153614;9.950302
245837670917125;0.08619126;-0.047884032;9.816227
245837690907750;0.11492168;-0.076614454;9.816227
245837710899938;0.15322891;-0.11492168;9.797073
245837730921813;0.15322891;-0.17238252;9.825804
245837750910875;0.05746084;-0.10534488;9.797073
245837770903063;0.06703765;-0.08619126;9.873688
245837790926500;0.019153614;-0.10534488;9.921572
245837810915563;0.11492168;-0.047884032;9.825804
245837830906188;0.16280572;-0.17238252;9.883265
245837850929625;0.20111294;-0.15322891;9.825804
245837870920250;0.095768064;-0.11492168;9.864111
245837890910875;0.047884032;-0.1436521;9.988609
245837910901500;0.038307227;-0.08619126;9.844957
245837930923375;0.076614454;-0.038307227;9.902418
245837950915563;0.06703765;-0.1436521;9.835381
245837970906188;0.095768064;-0.17238252;9.825804
245837990928063;0.17238252;-0.16280572;9.854534
245838010920250;0.1340753;-0.15322891;9.787497
245838030909313;0.06703765;-0.1340753;9.80665
245838050901500;0.047884032;-0.22026655;9.911995
245838070923375;0.1340753;-0.05746084;9.701305
245838090914000;0.1340753;0.05746084;9.969456
245838110904625;0.12449849;-0.02873042;9.873688
245838130928063;0.076614454;-0.22984336;9.864111
245838150918688;0.047884032;-0.16280572;9.787497
245838170909313;-0.009576807;0.047884032;9.739613
245838190899938;0.047884032;0.0;9.883265
245838210921813;0.076614454;-0.08619126;9.9790325
245838230912438;0.1436521;-0.08619126;9.883265
245838250904625;0.12449849;-0.15322891;9.931149
245838270926500;0.11492168;-0.23942018;9.825804
245838290917125;0.019153614;-0.1436521;9.835381
245838310907750;0.05746084;-0.05746084;9.691729
245838330898375;0.019153614;0.0;10.084377
245838350920250;0.076614454;-0.08619126;9.9790325
245838370912438;0.1436521;-0.10534488;9.787497
245838390903063;0.1436521;-0.06703765;9.730036
245838410924938;0.095768064;0.038307227;9.835381
245838430915563;0.047884032;-0.047884032;9.931149
245838450907750;0.0;-0.2681506;9.825804
245838470929625;0.038307227;-0.095768064;9.701305
245838490920250;0.17238252;0.05746084;9.768343
245838510912438;0.1436521;0.076614454;9.902418
245838530901500;0.08619126;-0.11492168;10.036493
245838550924938;0.10534488;-0.16280572;9.864111
245838570915563;0.05746084;-0.12449849;9.739613
245838590906188;0.08619126;-0.02873042;9.873688
245838610928063;0.17238252;-0.076614454;9.825804
245838630918688;0.11492168;-0.17238252;9.902418
245838650910875;0.11492168;-0.17238252;9.835381
245838670901500;0.12449849;0.0;9.739613
245838690923375;0.009576807;-0.047884032;9.883265
245838710914000;0.076614454;-0.17238252;9.825804
245838730904625;0.076614454;-0.10534488;9.873688
245838750929625;0.1340753;-0.10534488;9.825804
245838770918688;0.17238252;-0.25857377;9.844957
245838790909313;0.095768064;-0.038307227;9.787497
245838810899938;0.095768064;0.0;9.873688
245838830921813;0.08619126;-0.038307227;9.921572
245838850912438;0.10534488;-0.16280572;9.969456
245838870904625;0.10534488;-0.16280572;9.825804
245838890926500;0.17238252;-0.009576807;9.653421
245838910917125;0.18195933;0.038307227;9.940725
245838930907750;0.1340753;-0.095768064;9.950302
245838950899938;0.019153614;-0.1436521;10.007763
245838970921813;0.019153614;-0.2873042;9.873688
245838990912438;0.06703765;-0.02873042;9.816227
245839010903063;0.095768064;-0.10534488;9.969456
245839030924938;0.08619126;-0.17238252;9.940725
245839050917125;0.08619126;-0.21068975;9.902418
245839070909313;0.05746084;-0.05746084;9.720459
245839090898375;0.08619126;-0.02873042;9.682152
245839110920250;0.10534488;-0.16280572;9.9790325
245839130910875;0.06703765;-0.18195933;9.854534
245839150901500;0.12449849;-0.16280572;9.768343
245839170923375;0.20111294;0.009576807;9.672575
245839190915563;0.11492168;-0.019153614;9.864111
245839210906188;0.11492168;-0.16280572;9.864111
245839230928063;0.11492168;-0.17238252;9.950302
245839250918688;0.047884032;-0.17238252;10.0269165
245839270910875;0.047884032;-0.23942018;9.959879
245839290901500;0.15322891;-0.17238252;9.739613
245839310924938;0.095768064;-0.08619126;9.701305
245839330915563;0.08619126;-0.095768064;9.969456
245839350906188;0.05746084;-0.15322891;9.988609
245839370928063;-0.019153614;-0.17238252;9.797073
245839390918688;0.06703765;-0.12449849;9.634268
245839410909313;0.10534488;-0.038307227;9.768343
245839430899938;0.1340753;-0.095768064;9.940725
245839450921813;0.11492168;-0.25857377;9.940725
245839470914000;0.095768064;-0.11492168;9.730036
245839490904625;0.076614454;0.038307227;9.710882
245839510929625;0.076614454;-0.019153614;9.873688
245839530917125;0.11492168;-0.19153613;9.969456
245839550909313;0.15322891;-0.17238252;9.80665
245839570899938;0.15322891;-0.18195933;9.634268
245839590921813;0.16280572;-0.047884032;9.883265
245839610914000;0.038307227;-0.05746084;9.969456
245839630903063;0.02873042;-0.12449849;10.036493
245839650926500;0.076614454;-0.22026655;9.835381
245839670917125;0.16280572;-0.009576807;9.672575
245839690907750;0.10534488;-0.06703765;9.883265
245839710901500;0.15322891;-0.22026655;9.816227
245839730923375;0.019153614;-0.12449849;9.854534
245839750912438;0.06703765;-0.19153613;9.931149
245839770903063;0.038307227;-0.20111294;9.864111
245839790924938;0.1436521;-0.15322891;9.787497
245839810917125;0.1436521;-0.05746084;9.749189
245839830906188;0.16280572;-0.06703765;9.854534
245839850929625;0.1340753;-0.22984336;9.892841
245839870921813;0.05746084;-0.076614454;9.902418
245839890910875;0.019153614;-0.05746084;9.662998
245839910901500;0.06703765;0.019153614;9.844957
245839930924938;0.11492168;-0.10534488;9.988609
245839950915563;0.18195933;-0.22984336;9.873688
245839970906188;0.16280572;-0.18195933;9.797073
245839990928063;0.15322891;-0.047884032;9.730036
245840010921813;0.02873042;-0.06703765;9.883265
245840030910875;0.047884032;-0.22984336;10.0269165
245840050899938;0.06703765;-0.15322891;9.844957
245840070923375;0.15322891;-0.047884032;9.797073
245840090914000;0.095768064;-0.038307227;9.825804
245840110904625;0.16280572;-0.1340753;9.988609
245840130926500;0.08619126;-0.2681506;10.007763
245840150918688;0.1436521;-0.19153613;9.931149
245840170909313;0.06703765;-0.009576807;9.710882
245840190899938;0.06703765;-0.05746084;10.0269165
245840210921813;0.1436521;-0.17238252;9.892841
245840230912438;0.11492168;-0.21068975;9.797073
245840250903063;0.10534488;-0.12449849;9.787497
245840270926500;0.095768064;-0.12449849;9.739613
245840290917125;0.11492168;-0.15322891;9.931149
245840310907750;0.06703765;-0.12449849;9.892841
245840330898375;0.11492168;-0.08619126;9.844957
245840350920250;0.11492168;-0.06703765;9.77792
245840370912438;0.12449849;-0.10534488;9.892841
245840390903063;0.05746084;-0.15322891;9.854534
245840410924938;0.095768064;-0.10534488;9.864111
245840430915563;0.038307227;-0.06703765;9.911995
245840450906188;0.038307227;-0.02873042;9.835381
245840470929625;0.12449849;-0.05746084;9.940725
245840490920250;0.11492168;-0.1340753;9.787497
245840510910875;0.12449849;-0.076614454;9.682152
245840530901500;0.08619126;-0.18195933;9.883265
245840550923375;0.08619126;-0.21068975;9.77792
245840570915563;0.06703765;-0.1436521;9.902418
245840590906188;0.10534488;-0.05746084;9.864111
245840610928063;0.15322891;-0.10534488;9.844957
245840630918688;0.10534488;-0.11492168;9.816227
245840650910875;0.20111294;-0.1340753;9.873688
245840670903063;0.12449849;-0.17238252;9.844957
245840690923375;0.05746084;-0.1436521;9.959879
245840710915563;0.08619126;-0.095768064;9.787497
245840730904625;0.02873042;0.009576807;9.902418
245840750928063;0.06703765;-0.12449849;9.950302
245840770918688;0.08619126;-0.2681506;9.883265
245840790909313;0.1436521;-0.18195933;9.825804
245840810899938;0.06703765;-0.05746084;9.864111
245840830921813;0.06703765;-0.15322891;9.739613
245840850912438;0.1436521;-0.11492168;9.911995
245840870904625;0.10534488;-0.06703765;9.844957
245840890926500;0.18195933;-0.12449849;9.797073
245840910917125;0.11492168;-0.095768064;9.816227
245840930907750;0.06703765;-0.076614454;9.864111
245840950898375;0.06703765;-0.1340753;9.844957
245840970921813;0.10534488;-0.019153614;9.931149
245840990912438;0.076614454;-0.06703765;9.864111
245841010904625;0.10534488;-0.08619126;9.864111
245841030924938;0.12449849;-0.1436521;9.892841
245841050915563;0.1436521;-0.10534488;9.835381
245841070906188;0.10534488;-0.05746084;9.892841
245841090928063;0.047884032;-0.08619126;9.883265
245841110920250;0.06703765;-0.12449849;9.797073
245841130912438;0.076614454;-0.12449849;9.892841
245841150903063;0.10534488;-0.20111294;9.768343
245841170923375;0.20111294;-0.10534488;9.835381
245841190915563;0.10534488;-0.08619126;9.797073
245841210906188;0.1340753;-0.1436521;9.662998
245841230929625;0.11492168;-0.019153614;9.80665
245841250918688;0.038307227;-0.24899697;9.883265
245841270912438;0.11492168;-0.25857377;9.940725
245841290901500;0.1340753;-0.038307227;9.739613
245841310923375;0.21068975;0.038307227;9.758766
245841330914000;0.038307227;-0.06703765;9.950302
245841350904625;0.02873042;-0.22026655;9.921572
245841370928063;0.10534488;-0.20111294;9.787497
245841390918688;0.06703765;-0.15322891;9.730036
245841410909313;0.10534488;-0.047884032;9.921572
245841430899938;0.1340753;-0.10534488;9.921572
245841450921813;0.047884032;-0.22026655;9.921572
245841470915563;0.076614454;-0.15322891;9.835381
245841490904625;0.08619126;-0.12449849;9.672575
245841510926500;0.1340753;-0.047884032;9.844957
245841530917125;0.12449849;-0.20111294;9.940725
245841550907750;0.06703765;-0.18195933;9.864111
245841570899938;0.1340753;-0.08619126;9.739613
245841590921813;0.19153613;0.05746084;9.701305
245841610912438;0.10534488;-0.10534488;10.0269165
245841630903063;0.019153614;-0.10534488;9.892841
245841650924938;0.08619126;-0.15322891;9.825804
245841670917125;0.10534488;-0.10534488;9.825804
245841690906188;0.1340753;-0.12449849;9.768343
245841710901500;0.15322891;-0.08619126;9.77792
245841730921813;0.1436521;0.0;9.864111
245841750910875;0.16280572;-0.1340753;9.902418
245841770901500;-0.009576807;-0.2777274;9.825804
245841790924938;0.05746084;-0.17238252;9.77792
245841810917125;0.10534488;-0.019153614;9.864111
245841830907750;0.11492168;-0.038307227;10.0269165
245841850928063;0.12449849;-0.19153613;9.940725
245841870918688;0.12449849;-0.17238252;9.768343
245841890910875;0.047884032;-0.095768064;9.720459
245841910901500;0.095768064;-0.009576807;9.854534
245841930923375;0.08619126;-0.11492168;10.01734
245841950914000;0.08619126;-0.22984336;9.959879
245841970904625;0.095768064;-0.19153613;9.80665
245841990928063;0.11492168;-0.009576807;9.691729
245842010918688;0.047884032;-0.02873042;9.931149
245842030909313;0.08619126;-0.20111294;9.969456
245842050899938;0.1340753;-0.24899697;9.816227
245842070923375;0.05746084;-0.16280572;9.691729
245842090912438;0.12449849;0.02873042;9.77792
245842110904625;0.10534488;-0.08619126;9.883265
245842130926500;0.076614454;-0.076614454;9.825804
245842150918688;0.095768064;-0.21068975;9.854534
245842170907750;0.06703765;-0.05746084;9.854534
245842190899938;0.095768064;-0.19153613;9.864111
245842210921813;0.1340753;-0.019153614;9.854534
245842230912438;0.095768064;-0.11492168;9.892841
245842250903063;0.11492168;-0.095768064;9.931149
245842270928063;0.047884032;-0.16280572;9.921572
245842290953063;0.05746084;-0.095768064;9.749189
245842310907750;0.08619126;-0.047884032;9.825804
245842330898375;0.095768064;-0.076614454;9.787497
245842350920250;0.12449849;-0.08619126;9.921572
245842370910875;0.11492168;-0.19153613;9.80665
245842390903063;0.095768064;-0.095768064;9.758766
245842410924938;0.08619126;-0.095768064;9.883265
245842430915563;0.019153614;-0.06703765;9.854534
245842450906188;0.06703765;-0.11492168;9.873688
245842470931188;0.15322891;-0.12449849;9.854534
245842490920250;0.08619126;-0.15322891;9.797073
245842510910875;0.11492168;-0.10534488;9.873688
245842530901500;0.076614454;-0.11492168;9.864111
245842550923375;0.076614454;-0.10534488;9.873688
245842570914000;0.019153614;-0.12449849;9.854534
245842590906188;0.11492168;-0.15322891;9.864111
245842610928063;0.12449849;-0.18195933;9.825804
245842630918688;0.10534488;-0.11492168;9.883265
245842650909313;0.10534488;-0.038307227;9.864111
245842670899938;0.076614454;-0.10534488;9.835381
245842690923375;0.076614454;-0.17238252;9.854534
245842710915563;0.095768064;-0.19153613;9.816227
245842730904625;0.047884032;0.009576807;9.911995
245842750926500;0.11492168;-0.2777274;9.931149
245842770917125;0.06703765;-0.20111294;9.854534
245842790909313;0.095768064;-0.17238252;9.80665
245842810901500;0.009576807;-0.11492168;9.892841
245842830923375;0.10534488;-0.019153614;9.835381
245842850912438;0.06703765;-0.1436521;9.921572
245842870904625;0.05746084;-0.11492168;9.835381
245842890926500;0.1340753;-0.12449849;9.864111
245842910917125;0.076614454;-0.12449849;9.864111
245842930907750;0.12449849;-0.038307227;9.864111
245842950899938;0.06703765;-0.05746084;9.921572
245842970921813;0.08619126;-0.1340753;9.854534
245842990912438;0.095768064;-0.12449849;9.892841
245843010903063;0.038307227;-0.08619126;9.835381
245843030924938;0.076614454;-0.1340753;9.816227
245843050915563;0.11492168;-0.076614454;9.854534
245843070906188;0.076614454;-0.076614454;9.797073
245843090931188;0.06703765;-0.11492168;9.797073
245843110921813;0.08619126;-0.08619126;9.873688
245843130910875;0.11492168;-0.11492168;9.864111
245843150901500;0.11492168;-0.1436521;9.768343
245843170924938;0.095768064;-0.18195933;9.758766
245843190915563;0.095768064;-0.22984336;9.864111
245843210907750;0.11492168;-0.10534488;9.720459
245843230928063;0.095768064;-0.095768064;9.921572
245843250918688;0.047884032;-0.047884032;9.883265
245843270909313;0.16280572;-0.25857377;9.902418
245843291735875;0.095768064;-0.20111294;9.835381
245843310923375;0.095768064;-0.076614454;9.854534
245843330914000;0.12449849;-0.038307227;9.892841
245843350904625;0.095768064;-0.12449849;9.873688
245843370926500;0.095768064;-0.11492168;9.892841
245843390918688;0.05746084;-0.095768064;9.80665
245843410909313;0.076614454;-0.08619126;9.844957
245843430899938;0.15322891;-0.06703765;9.950302
245843450921813;0.11492168;-0.16280572;9.797073
245843470912438;0.076614454;-0.15322891;9.835381
245843490904625;0.047884032;-0.076614454;9.864111
245843510928063;0.10534488;-0.10534488;9.825804
245843530917125;0.1340753;-0.095768064;9.797073
245843550907750;0.08619126;-0.02873042;9.864111
245843570898375;0.095768064;-0.20111294;9.864111
245843590921813;0.11492168;-0.17238252;9.940725
245843610912438;0.019153614;-0.10534488;9.883265
245843630903063;0.06703765;-0.11492168;9.825804
245843650928063;0.10534488;-0.16280572;9.787497
245843670917125;0.11492168;-0.05746084;9.825804
245843690906188;0.076614454;-0.076614454;9.844957
245843710929625;0.12449849;-0.08619126;9.787497
245843730920250;0.08619126;-0.08619126;9.911995
245843750910875;0.047884032;-0.24899697;9.892841
245843770901500;0.047884032;-0.22026655;9.864111
245843790923375;0.095768064;-0.20111294;9.758766
245843810915563;0.16280572;-0.02873042;9.787497
245843830906188;0.095768064;-0.11492168;9.77792
245843850928063;0.08619126;-0.19153613;9.873688
245843870918688;0.1340753;-0.12449849;9.80665
245843890910875;0.06703765;-0.1436521;9.816227
245843910901500;0.12449849;-0.1436521;9.797073
245843930924938;0.1436521;-0.076614454;9.864111
245843950914000;0.095768064;-0.15322891;9.816227
245843970904625;0.05746084;-0.11492168;9.873688
245843990928063;0.02873042;-0.1340753;9.749189
245844010918688;0.05746084;-0.06703765;9.873688
245844030910875;0.06703765;-0.08619126;9.864111
245844050899938;0.06703765;-0.18195933;9.758766
245844070921813;0.08619126;-0.12449849;9.844957
245844090912438;0.17238252;-0.08619126;9.797073
245844110903063;0.10534488;-0.11492168;9.864111
245844130926500;0.047884032;-0.16280572;9.969456
245844150917125;0.038307227;-0.10534488;9.873688
245844170907750;0.11492168;-0.076614454;9.892841
245844190898375;0.10534488;-0.15322891;9.844957
245844210923375;0.095768064;-0.11492168;9.720459
245844230912438;0.095768064;-0.038307227;9.892841
245844250903063;0.08619126;-0.16280572;9.959879
245844270928063;0.05746084;-0.23942018;9.911995
245844290917125;0.095768064;-0.21068975;9.825804
245844310907750;0.1436521;-0.019153614;9.77792
245844330929625;0.11492168;-0.06703765;9.883265
245844350920250;0.095768064;-0.1436521;9.950302
245844370910875;0.11492168;-0.22026655;9.768343
245844390903063;0.15322891;0.0;9.730036
245844410924938;0.076614454;-0.047884032;9.710882
245844430915563;0.076614454;-0.11492168;10.01734
245844450906188;0.05746084;-0.22984336;9.873688
245844470928063;0.076614454;-0.19153613;9.682152
245844490920250;0.17238252;-0.02873042;9.701305
245844510912438;0.06703765;0.0;9.940725
245844530901500;0.11492168;-0.095768064;9.969456
245844550923375;0.047884032;-0.24899697;9.854534
245844570914000;0.08619126;-0.095768064;9.615114
245844590906188;0.10534488;-0.009576807;9.854534
245844610928063;0.12449849;-0.06703765;9.931149
245844630918688;0.047884032;-0.17238252;9.873688
245844650909313;0.08619126;-0.11492168;9.873688
245844670901500;0.05746084;-0.12449849;9.835381
245844690921813;0.10534488;-0.08619126;9.825804
245844710914000;0.1340753;-0.05746084;9.720459
245844730904625;0.10534488;0.009576807;9.892841
245844750926500;0.15322891;-0.17238252;9.864111
245844770920250;0.06703765;-0.20111294;9.911995
245844790907750;0.095768064;-0.17238252;9.864111
245844810899938;0.095768064;-0.06703765;9.787497
245844830921813;0.076614454;-0.11492168;9.835381
245844850912438;0.1340753;-0.15322891;9.911995
245844870903063;0.19153613;-0.095768064;9.873688
245844890924938;0.12449849;-0.16280572;9.864111
245844910917125;0.12449849;-0.095768064;9.835381
245844930907750;0.06703765;-0.1436521;9.768343
245844950898375;0.1340753;-0.17238252;9.883265
245844970920250;0.11492168;-0.15322891;9.883265
245844990910875;0.1340753;-0.10534488;9.720459
245845010903063;0.10534488;-0.12449849;9.768343
245845030924938;0.1436521;-0.1340753;9.80665
245845050915563;0.10534488;-0.11492168;9.787497
245845070906188;0.02873042;-0.095768064;9.844957
245845090928063;-0.019153614;-0.05746084;9.902418
245845110920250;0.076614454;-0.11492168;9.816227
245845130910875;0.076614454;-0.047884032;9.864111
245845150901500;0.10534488;-0.16280572;9.883265
245845170923375;0.05746084;-0.11492168;9.835381
245845190914000;0.15322891;-0.17238252;9.768343
245845210906188;0.10534488;-0.10534488;9.768343
245845230928063;0.11492168;-0.009576807;9.902418
245845250918688;0.1436521;-0.15322891;9.931149
245845270909313;0.1436521;-0.19153613;9.854534
245845290899938;0.076614454;-0.095768064;9.77792
245845310924938;0.038307227;-0.02873042;9.749189
245845330915563;0.08619126;-0.047884032;9.873688
245845350904625;0.047884032;-0.21068975;9.969456
245845370928063;0.038307227;-0.17238252;9.864111
245845390917125;0.12449849;-0.10534488;9.720459
245845410907750;0.16280572;0.0;9.787497
245845430898375;0.19153613;-0.1340753;9.988609
245845450921813;0.08619126;-0.21068975;9.873688
245845470914000;0.08619126;-0.17238252;9.691729
245845490903063;0.11492168;-0.05746084;9.730036
245845510926500;0.019153614;-0.009576807;9.940725
245845530917125;0.076614454;-0.22026655;9.931149
245845550907750;0.0;-0.23942018;9.921572
245845570898375;0.12449849;-0.11492168;9.691729
245845590920250;0.038307227;-0.047884032;9.787497
245845610910875;0.06703765;-0.1436521;9.9790325
245845630903063;0.10534488;-0.17238252;9.854534
245845650924938;0.08619126;-0.11492168;9.787497
245845670915563;0.1340753;-0.17238252;9.758766
245845690906188;0.1340753;-0.1436521;9.701305
245845710931188;0.12449849;-0.10534488;9.758766
245845730920250;0.08619126;-0.02873042;9.825804
245845750910875;0.095768064;-0.23942018;9.892841
245845770901500;0.076614454;-0.18195933;9.911995
245845790923375;0.12449849;-0.11492168;9.80665
245845810915563;0.19153613;-0.038307227;9.730036
245845830906188;0.15322891;-0.02873042;9.921572
245845850928063;0.08619126;-0.17238252;9.9790325
245845870918688;0.08619126;-0.2777274;9.873688
245845890909313;0.038307227;-0.15322891;9.739613
245845910903063;0.076614454;-0.076614454;9.854534
245845930923375;0.076614454;-0.1340753;9.9790325
245845950914000;0.0;-0.15322891;9.931149
245845970904625;0.06703765;-0.17238252;9.80665
245845990926500;0.06703765;-0.02873042;9.758766
245846010918688;0.038307227;-0.02873042;9.969456
245846030909313;0.076614454;-0.22026655;9.921572
245846050899938;0.047884032;-0.16280572;9.854534
245846070921813;0.06703765;-0.05746084;9.643845
245846090912438;0.1340753;0.0;9.864111
245846110906188;0.10534488;-0.076614454;9.950302
245846130926500;0.019153614;-0.1436521;9.911995
245846150917125;0.047884032;-0.1340753;9.844957
245846170907750;0.08619126;-0.10534488;9.80665
245846190898375;0.10534488;-0.076614454;9.902418
245846210920250;0.095768064;-0.1340753;9.701305
245846230912438;0.11492168;-0.019153614;9.825804
245846250903063;0.047884032;-0.11492168;9.931149
245846270924938;0.02873042;-0.18195933;9.892841
245846290917125;0.06703765;-0.1436521;9.730036
245846310906188;0.10534488;-0.10534488;9.797073
245846330929625;0.10534488;-0.047884032;9.844957
245846350920250;0.08619126;-0.1436521;9.883265
245846370910875;0.05746084;-0.15322891;9.797073
245846390901500;0.12449849;-0.15322891;9.787497
245846410923375;0.05746084;-0.08619126;9.892841
245846430915563;0.076614454;-0.21068975;9.883265
245846450906188;0.11492168;-0.076614454;9.816227
245846470928063;0.08619126;-0.20111294;9.835381
245846490918688;0.095768064;-0.19153613;9.80665
245846510909313;0.095768064;-0.11492168;9.80665
245846530899938;0.1436521;-0.16280572;9.816227
245846550923375;0.15322891;-0.1340753;9.873688
245846570914000;0.095768064;-0.18195933;9.844957
245846590906188;0.12449849;-0.076614454;9.691729
245846610929625;0.1436521;-0.095768064;9.854534
245846630918688;0.095768064;-0.08619126;9.797073
245846650907750;0.076614454;-0.11492168;9.864111
245846670899938;0.08619126;-0.047884032;9.854534
245846690921813;0.10534488;-0.1340753;9.825804
245846710912438;0.15322891;-0.17238252;9.816227
245846730904625;0.1436521;-0.038307227;9.864111
245846750926500;0.1340753;-0.21068975;9.988609
245846770917125;0.047884032;-0.1436521;9.864111
245846790907750;0.15322891;-0.16280572;9.825804
245846810898375;0.08619126;-0.05746084;9.902418
245846830921813;0.08619126;-0.095768064;9.835381
245846850912438;0.16280572;-0.11492168;9.80665
245846870904625;0.08619126;-0.1340753;9.825804
245846890924938;0.05746084;-0.009576807;9.80665
245846910918688;0.05746084;-0.038307227;9.911995
245846930906188;0.10534488;-0.20111294;9.873688
245846950928063;0.047884032;-0.06703765;9.844957
245846970920250;0.11492168;-0.12449849;9.883265
245846990910875;0.11492168;-0.1436521;9.873688
245847010901500;0.15322891;-0.12449849;9.797073
245847030923375;0.08619126;-0.095768064;9.854534
245847050915563;0.076614454;-0.095768064;9.816227
245847070906188;0.02873042;-0.16280572;9.816227
245847090928063;0.12449849;-0.11492168;9.873688
245847110920250;0.076614454;-0.19153613;9.873688
245847130909313;0.08619126;-0.18195933;9.825804
245847150901500;0.11492168;-0.12449849;9.864111
245847170923375;0.11492168;-0.15322891;9.902418
245847190914000;0.076614454;-0.08619126;9.873688
245847210904625;0.10534488;-0.076614454;9.825804
245847230926500;0.11492168;-0.1436521;9.816227
245847250918688;0.1436521;-0.22984336;9.883265
245847270909313;0.047884032;-0.21068975;9.835381
245847290899938;0.12449849;-0.11492168;9.77792
245847310921813;0.06703765;-0.10534488;9.835381
245847330912438;0.019153614;-0.12449849;9.797073
245847350904625;0.076614454;-0.038307227;9.921572
245847370926500;0.1340753;-0.06703765;9.835381
245847390917125;0.08619126;-0.08619126;9.758766
245847410907750;0.12449849;-0.08619126;9.902418
245847430898375;0.095768064;-0.15322891;9.787497
245847450921813;0.076614454;-0.1340753;9.80665
245847470914000;0.076614454;-0.12449849;9.854534
245847490903063;0.095768064;-0.095768064;9.825804
245847510924938;0.10534488;-0.11492168;9.873688
245847530917125;0.17238252;-0.076614454;9.80665
245847550907750;0.15322891;-0.095768064;9.835381
245847570898375;0.05746084;-0.1436521;9.77792
245847590920250;0.11492168;-0.12449849;9.835381
245847610914000;0.019153614;-0.10534488;9.864111
245847630903063;0.12449849;-0.20111294;9.787497
245847650924938;0.15322891;-0.16280572;9.80665
245847670915563;0.10534488;-0.18195933;9.844957
245847690906188;0.06703765;-0.23942018;9.825804
245847710929625;0.038307227;-0.076614454;9.768343
245847730920250;0.12449849;-0.076614454;9.864111
245847750910875;0.06703765;-0.047884032;9.892841
245847770901500;0.12449849;-0.23942018;9.844957
245847790923375;0.11492168;-0.11492168;9.749189
245847810914000;0.11492168;-0.02873042;9.701305
245847830906188;0.08619126;-0.095768064;9.902418
245847850928063;0.05746084;-0.15322891;10.055647
245847870921813;0.02873042;-0.1436521;9.816227
245847890909313;0.08619126;-0.009576807;9.653421
245847910899938;0.1340753;-0.08619126;9.662998
245847930921813;0.1436521;-0.11492168;9.931149
245847950912438;0.1340753;-0.23942018;9.883265
245847970904625;0.08619126;-0.18195933;9.720459
245847990926500;0.12449849;-0.009576807;9.768343
245848010917125;0.11492168;0.05746084;9.950302
245848030907750;0.10534488;-0.17238252;9.9790325
245848050899938;0.038307227;-0.25857377;9.902418
245848070921813;0.06703765;-0.20111294;9.730036
245848090912438;0.095768064;0.0;9.730036
245848110903063;0.08619126;-0.20111294;9.9790325
245848130924938;0.1436521;-0.1340753;9.902418
245848150917125;0.06703765;-0.095768064;9.797073
245848170907750;0.11492168;-0.11492168;9.844957
245848190898375;0.009576807;-0.15322891;9.797073
245848210920250;0.11492168;-0.095768064;9.749189
245848230910875;0.11492168;-0.16280572;9.883265
245848250903063;0.11492168;-0.1436521;9.988609
245848270924938;0.08619126;-0.31603462;9.844957
245848290915563;0.08619126;-0.11492168;9.720459
245848310906188;0.076614454;-0.019153614;9.835381
245848330928063;0.15322891;-0.08619126;9.768343
245848350918688;0.11492168;-0.1436521;9.844957
245848370909313;0.076614454;-0.11492168;9.854534
245848390901500;0.095768064;-0.10534488;9.80665
245848410926500;0.10534488;-0.076614454;9.902418
245848430914000;0.10534488;-0.047884032;9.844957
245848450906188;0.1340753;-0.06703765;9.844957
245848470928063;0.08619126;-0.11492168;9.854534
245848490918688;0.095768064;-0.047884032;9.864111
245848510910875;0.1340753;-0.17238252;9.797073
245848530901500;0.095768064;-0.16280572;9.835381
245848550923375;0.076614454;-0.11492168;9.854534
245848570914000;0.10534488;-0.11492168;9.873688
245848590904625;0.095768064;-0.1436521;9.892841
245848610926500;0.11492168;-0.11492168;9.825804
245848630917125;0.095768064;-0.1340753;9.854534
245848650907750;0.076614454;-0.20111294;9.787497
245848670899938;0.1340753;-0.11492168;9.844957
245848690921813;0.1436521;-0.1340753;9.758766
245848710912438;0.1340753;-0.02873042;9.730036
245848730903063;0.15322891;0.009576807;9.883265
245848750926500;0.076614454;-0.18195933;10.01734
245848770917125;0.10534488;-0.29688102;9.921572
245848790907750;0.076614454;-0.20111294;9.797073
245848810899938;0.1340753;-0.08619126;9.77792
245848830920250;0.076614454;-0.08619126;9.931149
245848850912438;0.1436521;-0.076614454;9.873688
245848870903063;0.095768064;-0.12449849;9.739613
245848890924938;0.076614454;-0.1340753;9.768343
245848910915563;0.1340753;-0.20111294;9.825804
245848930906188;0.076614454;-0.22026655;9.797073
245848950929625;0.10534488;-0.1340753;9.911995
245848970920250;0.095768064;-0.12449849;9.844957
245848990910875;0.11492168;-0.08619126;9.873688
245849010901500;0.15322891;-0.06703765;9.80665
245849030923375;0.08619126;-0.1436521;9.797073
245849050915563;0.047884032;-0.1340753;9.835381
245849070907750;0.08619126;-0.15322891;9.797073
245849090928063;0.08619126;-0.06703765;9.864111
245849110918688;0.1436521;-0.06703765;9.825804
245849130909313;0.10534488;-0.02873042;9.854534
245849150901500;0.08619126;-0.15322891;9.902418
245849170923375;0.08619126;-0.11492168;9.835381
245849190914000;0.05746084;-0.16280572;9.854534
245849210906188;0.12449849;-0.19153613;9.710882
245849230928063;0.11492168;-0.11492168;9.701305
245849250918688;0.05746084;-0.05746084;9.9790325
245849270909313;0.08619126;-0.19153613;9.825804
245849290899938;0.038307227;-0.1340753;9.691729
245849310921813;0.076614454;-0.019153614;9.739613
245849330912438;0.08619126;-0.05746084;9.9790325
245849350904625;0.095768064;-0.24899697;9.988609
245849370926500;0.1340753;-0.2873042;9.844957
245849390917125;0.08619126;-0.12449849;9.749189
245849410907750;0.15322891;0.05746084;9.816227
245849430899938;0.10534488;-0.08619126;9.9790325
245849450921813;0.076614454;-0.17238252;9.921572
245849470910875;0.08619126;-0.21068975;9.720459
245849490903063;0.076614454;-0.05746084;9.720459
245849510926500;0.12449849;-0.08619126;9.931149
245849530917125;0.1436521;-0.20111294;9.940725
245849550906188;0.076614454;-0.19153613;9.940725
245849570929625;0.10534488;-0.038307227;9.701305
245849590920250;0.076614454;-0.019153614;9.758766
245849610910875;0.1436521;-0.12449849;9.9790325
245849630901500;0.10534488;-0.17238252;9.921572
245849650924938;0.1436521;-0.095768064;9.873688
245849670917125;0.10534488;-0.1436521;9.825804
245849690906188;0.10534488;-0.02873042;9.825804
245849710931188;0.11492168;-0.12449849;9.77792
245849730918688;0.10534488;-0.038307227;9.844957
245849750910875;0.10534488;-0.24899697;9.921572
245849770901500;0.05746084;-0.21068975;9.825804
245849790923375;0.08619126;-0.18195933;9.758766
245849810915563;0.06703765;0.038307227;9.854534
245849830904625;0.095768064;0.02873042;9.950302
245849850926500;0.10534488;-0.12449849;9.902418
245849870918688;0.038307227;-0.16280572;9.787497
245849890909313;0.1340753;-0.12449849;9.720459
245849910899938;0.095768064;-0.009576807;9.864111
245849930921813;0.15322891;-0.12449849;9.988609
245849950915563;0.06703765;-0.1340753;9.959879
245849970904625;0.10534488;-0.11492168;9.864111
245849990926500;0.095768064;0.019153614;9.768343
245850010917125;0.047884032;-0.06703765;9.854534
245850030907750;0.17238252;-0.23942018;9.940725
245850050899938;0.095768064;-0.24899697;9.911995
245850070921813;0.076614454;-0.095768064;9.672575
245850090912438;0.08619126;-0.038307227;9.739613
245850110903063;0.047884032;-0.047884032;9.931149
245850130926500;0.1340753;-0.1340753;9.902418
245850150917125;0.06703765;-0.095768064;9.844957
245850170907750;0.05746084;-0.06703765;9.730036
245850190929625;0.08619126;-0.1340753;9.835381
245850210921813;0.11492168;-0.15322891;9.710882
245850230910875;0.12449849;-0.076614454;9.892841
245850250901500;0.10534488;-0.10534488;9.883265
245850270923375;0.08619126;-0.20111294;9.892841
245850290915563;0.12449849;-0.16280572;9.825804
245850310906188;0.10534488;-0.08619126;9.873688
245850330928063;0.1340753;-0.10534488;9.902418
245850350920250;0.076614454;-0.1436521;9.921572
245850370912438;0.15322891;-0.038307227;9.854534
245850390901500;0.076614454;-0.038307227;9.835381
245850410923375;0.12449849;-0.076614454;9.825804
245850430914000;0.08619126;-0.076614454;9.873688
245850450904625;0.12449849;-0.12449849;9.883265
245850470928063;0.05746084;-0.20111294;9.844957
245850490918688;0.11492168;-0.11492168;9.835381
245850510910875;0.047884032;-0.08619126;9.883265
245850530899938;0.12449849;-0.047884032;9.873688
245850550923375;0.12449849;-0.1436521;9.921572
245850570912438;0.12449849;-0.11492168;9.816227
245850590904625;0.10534488;-0.11492168;9.710882
245850610928063;0.06703765;-0.10534488;9.854534
245850630917125;0.11492168;-0.02873042;9.873688
245850650910875;0.047884032;-0.076614454;9.854534
245850670899938;0.095768064;-0.05746084;9.864111
245850690921813;0.11492168;-0.076614454;9.797073
245850710914000;0.17238252;-0.06703765;9.816227
245850730903063;0.16280572;-0.11492168;9.787497
245850750926500;0.05746084;-0.17238252;9.902418
245850770917125;0.047884032;-0.24899697;9.883265
245850790907750;0.1340753;-0.1436521;9.797073
245850810898375;0.1436521;-0.08619126;9.816227
245850830920250;0.08619126;-0.047884032;9.844957
245850850910875;0.076614454;-0.10534488;9.844957
245850870903063;0.05746084;-0.16280572;9.854534
245850890924938;0.05746084;-0.08619126;9.835381
245850910917125;0.076614454;-0.06703765;9.873688
245850930906188;0.095768064;-0.10534488;9.873688
245850950928063;0.08619126;-0.009576807;9.911995
245850970920250;0.1436521;-0.095768064;9.80665
245850990909313;0.1436521;-0.12449849;9.902418
245851010901500;0.12449849;-0.11492168;9.787497
245851030923375;0.10534488;-0.10534488;9.816227
245851050914000;0.11492168;-0.11492168;9.816227
245851070907750;0.08619126;-0.11492168;9.816227
245851090928063;0.11492168;-0.22026655;9.80665
245851110918688;0.06703765;-0.1436521;9.797073
245851130909313;0.05746084;-0.15322891;9.854534
245851150899938;0.1436521;-0.16280572;9.854534
245851170923375;0.095768064;-0.11492168;9.797073
245851190914000;0.11492168;-0.11492168;9.835381
245851210906188;0.08619126;-0.18195933;9.768343
245851230926500;0.038307227;0.0;9.864111
245851250918688;0.12449849;-0.12449849;9.873688
245851270907750;0.076614454;-0.30645782;9.911995
245851290899938;0.12449849;-0.17238252;9.730036
245851310921813;0.10534488;-0.038307227;9.787497
245851330912438;0.12449849;-0.11492168;9.77792
245851350904625;0.1340753;-0.08619126;9.835381
245851370926500;0.095768064;-0.076614454;9.883265
245851390917125;0.15322891;-0.05746084;9.77792
245851410907750;0.047884032;-0.15322891;9.825804
245851430898375;0.11492168;-0.18195933;9.816227
245851450921813;0.009576807;-0.20111294;9.873688
245851470912438;0.038307227;-0.1340753;9.854534
245851490903063;0.11492168;-0.19153613;9.873688
245851510926500;0.10534488;-0.047884032;9.844957
245851530915563;0.095768064;-0.11492168;9.911995
245851550906188;0.05746084;-0.15322891;9.835381
245851570928063;0.095768064;-0.12449849;9.825804
245851590920250;0.095768064;-0.15322891;9.80665
245851610912438;0.11492168;-0.17238252;9.80665
245851630901500;0.05746084;-0.06703765;9.873688
245851650923375;0.1340753;-0.06703765;9.902418
245851670915563;0.08619126;-0.16280572;9.892841
245851690906188;0.095768064;-0.10534488;9.873688
245851710928063;0.05746084;-0.1340753;9.701305
245851730918688;0.08619126;-0.1436521;9.873688
245851750909313;0.08619126;-0.16280572;9.988609
245851770901500;0.02873042;-0.23942018;9.902418
245851790923375;0.095768064;-0.11492168;9.758766
245851810915563;0.11492168;-0.047884032;9.634268
245851830904625;0.10534488;-0.009576807;9.883265
245851850926500;0.08619126;-0.22984336;10.04607
245851870917125;0.08619126;-0.2681506;9.710882
245851890909313;0.1340753;-0.076614454;9.653421
245851910901500;0.08619126;0.0;9.844957
245851930921813;0.1340753;-0.17238252;10.007763
245851950912438;0.11492168;-0.18195933;9.940725
245851970903063;0.18195933;-0.16280572;9.844957
245851990926500;0.10534488;-0.11492168;9.682152
245852010917125;0.10534488;-0.019153614;9.940725
245852030907750;0.10534488;-0.18195933;9.835381
245852050899938;0.12449849;-0.22026655;9.835381
245852070921813;0.1436521;-0.095768064;9.672575
245852090910875;0.06703765;0.0;9.835381
245852110903063;0.08619126;-0.15322891;9.873688
245852130924938;0.08619126;-0.20111294;9.835381
245852150915563;0.16280572;-0.1436521;9.80665
245852170907750;0.05746084;-0.038307227;9.835381
245852190928063;0.047884032;-0.10534488;9.844957
245852210921813;0.12449849;-0.038307227;9.768343
245852230910875;0.095768064;-0.10534488;9.835381
245852250901500;0.047884032;-0.19153613;9.892841
245852270923375;0.1340753;-0.33518824;9.911995
245852290951500;0.095768064;-0.1340753;9.739613
245852310906188;0.1436521;-0.095768064;9.758766
245852330928063;0.095768064;-0.076614454;9.864111
245852350918688;0.095768064;-0.12449849;9.940725
245852370910875;0.10534488;-0.21068975;9.864111
245852390901500;0.16280572;-0.12449849;9.730036
245852410924938;0.11492168;-0.02873042;9.892841
245852430914000;0.1436521;-0.18195933;9.969456
245852450904625;0.10534488;-0.17238252;9.892841
245852470929625;0.12449849;-0.19153613;9.77792
245852490918688;0.08619126;-0.038307227;9.739613
245852510910875;0.095768064;0.02873042;9.873688
245852530899938;0.06703765;-0.19153613;9.921572
245852550921813;0.076614454;-0.1436521;9.835381
245852570912438;0.1340753;-0.06703765;9.749189
245852590903063;0.095768064;0.0;9.825804
245852610928063;0.076614454;-0.10534488;9.921572
245852630917125;0.076614454;-0.076614454;9.797073
245852650907750;0.038307227;-0.10534488;9.797073
245852670898375;0.08619126;-0.095768064;9.816227
245852690921813;0.08619126;-0.16280572;9.844957
245852710912438;0.12449849;-0.16280572;9.825804
245852730903063;0.11492168;-0.095768064;9.797073
245852750926500;0.076614454;-0.08619126;9.825804
245852770915563;0.076614454;-0.095768064;9.902418
245852790907750;0.1436521;-0.10534488;9.749189
245852810929625;0.10534488;-0.10534488;9.835381
245852830920250;0.02873042;-0.08619126;9.911995
245852850910875;0.11492168;-0.20111294;9.825804
245852870904625;0.095768064;-0.15322891;9.825804
245852890924938;0.1436521;-0.17238252;9.787497
245852910917125;0.11492168;-0.095768064;9.873688
245852930906188;-0.019153614;-0.06703765;9.816227
245852950928063;0.076614454;-0.10534488;9.911995
245852970918688;0.10534488;-0.17238252;9.816227
245852990909313;0.12449849;-0.1436521;9.797073
245853010903063;0.1436521;-0.15322891;9.787497
245853030923375;0.1340753;-0.15322891;9.854534
245853050914000;0.12449849;-0.16280572;9.931149
245853070904625;0.11492168;-0.18195933;9.883265
245853090926500;0.1436521;-0.1436521;9.825804
245853110918688;0.076614454;-0.10534488;9.902418
245853130909313;0.1340753;-0.12449849;9.816227
245853150899938;0.10534488;-0.1340753;9.911995
245853170923375;0.076614454;-0.12449849;9.892841
245853190912438;0.047884032;-0.1340753;9.854534
245853210904625;0.095768064;-0.15322891;9.873688
245853230926500;0.12449849;-0.11492168;9.787497
245853250917125;0.10534488;-0.12449849;9.864111
245853270907750;0.05746084;-0.12449849;9.864111
245853291734313;0.047884032;-0.12449849;9.864111
245853310921813;0.11492168;-0.06703765;9.844957
245853330912438;0.08619126;-0.047884032;9.854534
245853350903063;0.1436521;-0.1340753;9.768343
245853370924938;0.06703765;-0.095768064;9.80665
245853390917125;0.08619126;-0.11492168;9.873688
245853410907750;0.12449849;-0.17238252;9.816227
245853430898375;0.095768064;-0.10534488;9.825804
245853450920250;0.15322891;-0.02873042;9.797073
245853470912438;0.11492168;-0.16280572;9.797073
245853490901500;0.047884032;-0.18195933;9.892841
245853510924938;0.11492168;-0.16280572;9.931149
245853530915563;0.10534488;-0.12449849;9.902418
245853550906188;0.076614454;-0.05746084;9.921572
245853570928063;0.06703765;-0.12449849;9.816227
245853590920250;0.10534488;-0.22026655;9.835381
245853610912438;0.11492168;-0.1436521;9.854534
245853630901500;0.076614454;-0.095768064;9.921572
245853650923375;0.08619126;-0.18195933;9.835381
245853670914000;0.06703765;-0.10534488;9.883265
245853690904625;0.05746084;-0.10534488;9.825804
245853710928063;0.095768064;-0.12449849;9.825804
245853730920250;0.10534488;-0.095768064;9.864111
245853750909313;0.15322891;-0.095768064;9.797073
245853770901500;0.06703765;-0.11492168;9.825804
245853790923375;0.1340753;-0.11492168;9.844957
245853810912438;0.12449849;-0.076614454;9.844957
245853830904625;0.08619126;-0.16280572;9.844957
245853850926500;0.047884032;-0.095768064;9.854534
245853870920250;0.12449849;-0.16280572;9.787497
245853890907750;0.038307227;-0.1436521;9.902418
245853910899938;0.1340753;-0.08619126;9.959879
245853930921813;0.10534488;-0.05746084;9.816227
245853950912438;0.10534488;-0.17238252;9.825804
245853970903063;0.038307227;-0.095768064;9.854534
245853990926500;0.06703765;-0.10534488;9.9790325
245854010918688;0.10534488;-0.11492168;9.902418
245854030906188;0.047884032;-0.06703765;9.864111
245854050898375;0.076614454;-0.1436521;9.80665
245854070920250;0.16280572;-0.08619126;9.835381
245854090912438;0.06703765;-0.095768064;9.787497
245854110901500;0.06703765;-0.16280572;9.844957
245854130924938;0.05746084;-0.08619126;9.854534
245854150918688;0.076614454;-0.095768064;9.892841
245854170906188;0.21068975;-0.1340753;9.844957
245854190928063;0.1340753;-0.08619126;9.902418
245854210920250;0.1340753;-0.019153614;9.892841
245854230910875;0.038307227;-0.18195933;9.80665
245854250901500;0.06703765;-0.08619126;9.873688
245854270923375;0.076614454;-0.1436521;9.80665
245854290915563;0.11492168;-0.11492168;9.80665
245854310907750;0.1340753;-0.11492168;9.873688
245854330928063;0.12449849;-0.1340753;9.844957
245854350918688;0.08619126;-0.12449849;9.854534
245854370909313;0.076614454;-0.1436521;9.854534
245854390901500;0.11492168;-0.10534488;9.816227
245854410923375;0.08619126;-0.15322891;9.80665
245854430915563;0.12449849;-0.11492168;9.80665
245854450904625;0.16280572;-0.20111294;9.825804
245854470926500;0.06703765;-0.1436521;9.911995
245854490917125;0.05746084;-0.076614454;9.911995
245854510907750;0.02873042;-0.095768064;9.80665
245854530899938;0.18195933;-0.10534488;9.864111
245854550921813;0.095768064;-0.20111294;9.816227
245854570912438;0.17238252;-0.095768064;9.844957
245854590903063;0.1340753;-0.10534488;9.816227
245854610924938;0.11492168;-0.11492168;9.873688
245854630917125;0.095768064;-0.12449849;9.80665
245854650907750;0.10534488;-0.076614454;9.816227
245854670901500;0.1340753;-0.1340753;9.730036
245854690920250;0.08619126;-0.1436521;9.80665
245854710914000;0.12449849;-0.15322891;9.816227
245854730901500;0.10534488;-0.076614454;9.758766
245854750924938;0.08619126;-0.1436521;9.911995
245854770917125;0.1340753;-0.10534488;9.844957
245854790906188;0.05746084;-0.12449849;9.672575
245854810931188;0.038307227;-0.16280572;9.959879
245854830920250;0.15322891;-0.15322891;9.768343
245854850909313;0.1436521;-0.1436521;9.758766
245854870901500;0.15322891;-0.1340753;9.883265
245854890924938;0.11492168;-0.06703765;9.883265
245854910915563;0.095768064;-0.10534488;9.844957
245854930906188;0.095768064;-0.076614454;9.931149
245854950928063;0.047884032;-0.16280572;9.854534
245854970920250;0.12449849;-0.1340753;9.873688
245854990909313;0.12449849;-0.18195933;9.825804
245855010901500;0.1436521;-0.12449849;9.873688
245855030923375;0.10534488;-0.095768064;9.816227
245855050914000;0.10534488;-0.047884032;9.873688
245855070904625;0.076614454;-0.15322891;9.835381
245855090926500;0.08619126;-0.18195933;9.816227
245855110920250;0.17238252;-0.16280572;9.77792
245855130909313;0.076614454;-0.15322891;9.892841
245855150899938;0.08619126;-0.15322891;9.739613
245855170921813;0.047884032;-0.16280572;9.892841
245855190912438;0.076614454;-0.10534488;9.80665
245855210906188;0.095768064;-0.009576807;9.873688
245855230926500;0.1436521;-0.10534488;9.844957
245855250917125;0.10534488;-0.16280572;9.77792
245855270910875;0.16280572;-0.18195933;9.835381
245855290898375;0.076614454;-0.16280572;9.816227
245855310921813;0.12449849;-0.05746084;9.873688
245855330912438;0.12449849;-0.20111294;9.787497
245855350903063;0.10534488;-0.11492168;9.854534
245855370926500;0.095768064;-0.08619126;9.787497
245855390915563;0.16280572;-0.08619126;9.854534
245855410909313;0.15322891;-0.15322891;9.844957
245855430929625;0.095768064;-0.19153613;9.892841
245855450920250;0.06703765;-0.11492168;9.902418
245855470912438;0.095768064;0.0;9.950302
245855490901500;0.06703765;-0.095768064;9.854534
245855510926500;0.038307227;-0.08619126;9.911995
245855530915563;0.095768064;-0.10534488;9.80665
245855550906188;0.12449849;-0.1436521;9.892841
245855570928063;0.05746084;-0.18195933;9.844957
245855590918688;0.009576807;-0.047884032;9.835381
245855610912438;0.076614454;-0.038307227;9.892841
245855630901500;0.05746084;-0.095768064;9.80665
245855650923375;0.15322891;-0.08619126;9.883265
245855670914000;0.095768064;-0.15322891;9.921572
245855690904625;0.095768064;-0.11492168;9.797073
245855710926500;0.038307227;-0.1436521;9.80665
245855730918688;0.047884032;-0.06703765;9.77792
245855750909313;0.02873042;-0.1436521;9.854534
245855770899938;0.08619126;-0.095768064;9.844957
245855790921813;0.10534488;-0.076614454;9.77792
245855810912438;0.06703765;-0.11492168;9.816227
245855830903063;0.1436521;-0.18195933;9.883265
245855850926500;0.08619126;-0.19153613;9.854534
245855870920250;0.095768064;-0.095768064;9.844957
245855890907750;0.06703765;-0.11492168;9.797073
245855910899938;0.009576807;-0.019153614;8.963891
245855930921813;0.17238252;-0.076614454;10.093954
245855950912438;0.1436521;-0.18195933;9.892841
245855970903063;0.1436521;-0.18195933;9.797073
245855990924938;0.047884032;-0.05746084;9.816227
